Date,precipitable_water_entire_atmosphere,relative_humidity_2m_above_ground,specific_humidity_2m_above_ground,temperature_2m_above_ground,u_component_of_wind_10m_above_ground,v_component_of_wind_10m_above_ground
2018-01-01,24.10000038146973,72.70000457763672,0.009560000151395798,15.1614929199219,-0.012186278589069843,-0.93391352891922
2018-01-02,27.362287521362305,74.9000015258789,0.010462524369359016,16.047998046875026,0.3145434558391571,-0.4854589700698853
2018-01-03,30.246618270874023,86.5999984741211,0.01193000003695488,15.838525390625026,-0.2827319204807281,-0.6539648175239563
2018-01-04,33.01068878173828,90.9000015258789,0.012779999524354936,16.169244384765648,0.21157225966453552,0.9081225395202636
2018-01-05,27.2503719329834,82.4133529663086,0.01139152329415083,15.9234558105469,1.0472754240036009,-0.03774169832468033
2018-01-06,24.30000114440918,81.30000305175781,0.010660000145435332,15.1249938964844,-0.3676904141902924,-1.7204101085662842
2018-01-07,23.80000114440918,74.73505401611328,0.009574571624398232,14.816247558593775,0.5440039038658142,-0.8132665753364563
2018-01-08,20.600629806518555,64.90000152587889,0.00817999988794327,14.496667480468775,-0.0038159179966896772,-1.861772418022156
2018-01-09,21.7869873046875,72.59728240966797,0.009780955500900744,15.58709106445315,-0.6003930568695068,-0.6937011480331421
2018-01-10,22.0,68.07369232177734,0.008876207284629345,15.0629821777344,-0.8842065334320068,-1.4809716939926147
2018-01-11,27.70000076293945,83.37598419189453,0.011370238848030569,15.711389160156275,-1.5246862173080444,-0.7494629025459291
2018-01-12,24.60000038146973,72.30000305175781,0.008959999307990074,14.288537597656275,-0.07512450963258742,-0.9004541039466858
2018-01-13,23.4139461517334,76.9000015258789,0.009370000101625921,13.981530761718775,-2.300966739654541,-1.7737841606140137
2018-01-14,23.399999618530273,71.4000015258789,0.008619999513030052,13.847192382812526,-1.326642990112305,-1.2119848728179932
2018-01-15,19.899999618530273,49.9000015258789,0.0073899999260902405,17.023248291015648,-1.1594702005386353,-0.6330419778823853
2018-01-16,18.100000381469727,50.5,0.006569999735802412,14.979638671875026,0.03876220434904098,-1.5345703363418581
2018-01-17,18.113012313842773,78.0999984741211,0.0094200000166893,13.8084655761719,-0.9218725562095642,-0.7400707602500916
2018-01-18,20.9375057220459,81.9000015258789,0.0104799997061491,14.711938476562526,-1.5314575433731081,-1.8585302829742432
2018-01-19,20.6888370513916,69.5,0.008949999697506428,14.8140808105469,-0.9694042801856996,-1.595314860343933
2018-01-20,23.399999618530273,91.4000015258789,0.012120003812015057,15.23406372070315,-2.393378734588623,-1.3530858755111694
2018-01-21,18.81626892089844,69.90000152587889,0.008929999545216559,14.713586425781275,-1.17535400390625,-2.110800743103028
2018-01-22,14.572131156921387,62.9000015258789,0.00791999977082014,14.4414001464844,-1.8289233446121216,-2.5336570739746094
2018-01-23,18.406721115112305,56.70000076293945,0.007689999882131816,15.59929809570315,-1.7039355039596558,-1.7939550876617432
2018-01-24,19.7569637298584,77.5,0.009610163047909737,14.217248535156275,-2.0154979228973393,-2.303037166595459
2018-01-25,23.51301383972168,86.5,0.011351201683282852,15.07793579101565,-3.328688859939575,-2.541384220123291
2018-01-26,24.399999618530273,69.28474426269531,0.009691082872450352,16.073052978515648,-0.7092528939247131,-0.6286181211471558
2018-01-27,23.701669692993164,70.67633819580078,0.009145441465079784,14.93914184570315,-1.4413121938705444,-2.2176170349121094
2018-01-28,19.30000114440918,89.80115509033203,0.011404421180486679,14.58245239257815,-1.63507080078125,-1.8236840963363647
2018-01-29,17.100000381469727,72.7590560913086,0.009278746321797373,14.648522949218775,-1.7164453268051147,-2.246289014816284
2018-01-30,16.050893783569336,56.3998908996582,0.007526567671447992,15.3699890136719,-1.95730459690094,-2.066957950592041
2018-01-31,20.0,58.79999923706055,0.008410000242292881,16.428094482421898,-2.196301221847534,-2.330190420150757
2018-02-01,23.899999618530273,72.93553924560547,0.009734158404171469,15.370629882812526,-2.3679540157318115,-2.8314697742462163
2018-02-02,16.600000381469727,91.17757415771484,0.011349999345839024,14.259606933593775,-2.766894578933716,-1.8347704410552976
2018-02-03,15.24680233001709,79.90034484863281,0.00945116765797138,13.52385864257815,-2.0914354324340816,-2.0637891292572017
2018-02-04,17.200000762939453,68.59999847412111,0.008719999343156816,14.617883300781275,-2.1628613471984863,-2.0562329292297363
2018-02-05,20.55634117126465,69.0,0.0094200000166893,15.693505859375026,-2.388239622116089,-1.9843382835388184
2018-02-06,23.0,77.60021209716797,0.01029410120099783,15.2600036621094,-1.9388574361801147,-2.4694652557373047
2018-02-07,23.45866203308105,76.0999984741211,0.010029999539256096,15.1329284667969,-2.3847339153289795,-1.9368480443954468
2018-02-08,21.7812614440918,60.29999923706055,0.0074999998323619374,14.244104003906275,-2.495302677154541,-2.329904794692993
2018-02-09,16.899999618530273,61.20000076293945,0.0072800000198185435,13.592675781250026,-1.9795165061950684,-1.37469482421875
2018-02-10,16.5,76.20000457763672,0.009689999744296074,14.579919433593775,-3.480173349380493,-2.828119993209839
2018-02-11,17.100000381469727,86.9000015258789,0.010999999940395357,14.548547363281275,-3.526132822036743,-3.0125389099121094
2018-02-12,20.600000381469727,86.7016830444336,0.011551669798791409,15.32171020507815,-4.018168926239014,-3.145236730575561
2018-02-13,19.5,70.67195129394531,0.008903488516807556,14.509301757812526,-3.0205614566802983,-2.0008299350738525
2018-02-14,20.600000381469727,73.5999984741211,0.0095736812800169,14.994531250000026,-3.5190184116363525,-2.0334863662719727
2018-02-15,18.24860954284668,83.5,0.010831493884325027,14.9368835449219,-3.709457874298096,-1.973186016082764
2018-02-16,20.600000381469727,89.0999984741211,0.011582398787140845,14.956262207031275,-3.941657543182373,-3.2083740234375
2018-02-17,18.7866325378418,79.59168243408203,0.010277857072651386,14.85881958007815,-3.3392088413238525,-3.4420530796051025
2018-02-18,19.26190185546875,87.5999984741211,0.011549999937415123,15.14312133789065,-2.987590312957764,-2.947575569152832
2018-02-19,21.700557708740234,88.1771469116211,0.011883459985256195,15.484948730468775,-3.0738842487335205,-2.716425657272339
2018-02-20,27.550373077392575,87.20000457763672,0.01189026702195406,15.649865722656275,-2.4741673469543457,-1.9771679639816284
2018-02-21,23.5,79.9000015258789,0.011090000160038471,15.952355957031275,-1.997813701629639,-2.2936034202575684
2018-02-22,24.493408203125,70.28178405761719,0.010632555000483991,17.261590576171898,-2.5432934761047363,-2.0388379096984863
2018-02-23,20.899999618530273,76.81855773925781,0.010689999908208849,15.94646606445315,-2.8410887718200684,-2.6713550090789795
2018-02-24,11.100000381469727,81.6307601928711,0.010943427681922913,15.3900085449219,-3.0144262313842773,-2.4368138313293457
2018-02-25,23.10000038146973,77.43767547607422,0.011359999887645245,16.852624511718773,-2.2510106563568115,-1.5534838438034058
2018-02-26,21.200000762939453,59.10000228881836,0.009127957746386528,17.636346435546898,-3.6776952743530273,-2.946074247360229
2018-02-27,23.0,62.57619094848633,0.009479999542236328,17.328637695312526,-2.420361280441284,-1.4377758502960205
2018-02-28,25.0,77.0,0.01133000198751688,16.866998291015648,-2.293828010559082,-1.8558543920516968
2018-03-01,32.299999237060554,72.50074768066406,0.011270105838775637,17.748132324218773,0.7988525032997131,-0.7905663847923279
2018-03-02,29.899999618530273,80.88331604003906,0.01109999977052212,15.822656250000026,3.478000402450561,1.0689208507537842
2018-03-03,31.088001251220703,80.04078674316406,0.011919999495148659,17.097131347656273,0.1149926707148552,-0.01839599572122097
2018-03-04,31.56488609313965,82.5999984741211,0.01187474001199007,16.512261962890648,1.8622753620147705,0.2113696187734604
2018-03-05,27.5,77.20000457763672,0.010749107226729393,16.056329345703148,-0.5511181354522705,-1.1178393363952637
2018-03-06,28.20000076293945,76.44795989990234,0.010520000010728836,15.880944824218775,-0.2949487268924713,-0.8244872689247131
2018-03-07,27.399999618530273,87.57744598388672,0.011469999328255652,15.111962890625026,-0.5531982183456421,-0.3460668921470642
2018-03-08,21.748889923095703,86.03773498535156,0.01181000005453825,15.805017089843775,-1.2624218463897705,-1.5761352777481081
2018-03-09,25.813440322875977,69.5,0.010339654050767422,17.037377929687526,-1.5536084175109863,-1.8763574361801147
2018-03-10,29.51301383972168,77.09062957763672,0.011589999310672285,17.229455566406273,-1.155603051185608,-0.6297777891159058
2018-03-11,26.399999618530273,80.5,0.0115544768050313,16.512414550781273,-1.4149657487869265,-1.7101513147354126
2018-03-12,32.200000762939446,86.80000305175781,0.01261999923735857,16.682427978515648,-1.7241674661636353,-1.1038769483566284
2018-03-13,33.0,80.9000015258789,0.012310000136494637,17.441094970703148,0.4984301626682282,-0.4369702041149139
2018-03-14,30.70000076293945,78.43526458740234,0.011137053370475769,16.373315429687526,0.6693432331085205,-0.5031469464302063
2018-03-15,32.10000228881836,81.70000457763672,0.012139999307692051,17.015802001953148,-1.7507177591323853,-1.7737377882003784
2018-03-16,,,,,,
2018-03-17,,,,,,
2018-03-18,,,,,,
2018-03-19,28.39226722717285,68.80000305175781,0.012246880680322649,19.928125000000023,-5.5710787773132315,-1.7992407083511353
2018-03-20,25.70000076293945,80.30000305175781,0.011029999703168869,15.8206726074219,-1.6140185594558716,-1.650871515274048
2018-03-21,26.39025688171387,85.70000457763672,0.010749999433755876,14.400292968750026,-2.92919921875,-2.163828134536743
2018-03-22,19.700000762939453,91.0999984741211,0.01119999960064888,14.0954528808594,-2.37149977684021,-2.104260206222534
2018-03-23,18.399999618530273,88.4000015258789,0.011189999990165234,14.54680786132815,-1.868569254875183,-1.8143993616104128
2018-03-24,25.399999618530273,88.5999984741211,0.0118800001218915,15.420495605468775,-3.3412351608276367,-1.4952733516693115
2018-03-25,25.148889541625977,90.8000030517578,0.012613298371434212,15.9591003417969,-2.326730966567993,-0.9497240781784058
2018-03-26,27.30000114440918,87.5999984741211,0.011690673418343069,15.36321411132815,-1.8544872999191284,-1.915956974029541
2018-03-27,23.70000076293945,91.3000030517578,0.012109999544918535,15.272668457031275,-3.71432375907898,-2.389052629470825
2018-03-28,23.80000114440918,88.5999984741211,0.011009999550879002,14.238854980468775,-2.1439893245697017,-2.0355687141418457
2018-03-29,26.659942626953125,89.5999984741211,0.011299999430775642,14.47979125976565,-2.512439012527466,-2.113171339035034
2018-03-30,22.075727462768555,91.73301696777344,0.011429999954998491,14.305566406250026,-2.230900764465332,-2.0191209316253658
2018-03-31,25.30000114440918,88.5,0.011993381194770336,15.581933593750026,-2.513547420501709,-1.3394213914871216
2018-04-01,28.10000038146973,92.5,0.011835113167762756,14.68096313476565,-1.8809814453125,-1.4581518173217771
2018-04-02,29.399999618530273,89.29995727539062,0.011399999260902405,14.64434204101565,-2.0306177139282227,-1.6177489757537842
2018-04-03,29.0,90.0999984741211,0.012240000069141388,15.5985046386719,-3.970494270324707,-2.2446680068969727
2018-04-04,27.00078201293945,89.30000305175781,0.01131999958306551,14.53557739257815,-2.3686718940734863,-2.0542211532592773
2018-04-05,24.10000038146973,90.70000457763672,0.01163432467728853,14.727990722656275,-1.6491039991378784,-1.0115941762924194
2018-04-06,28.70000076293945,91.20000457763672,0.011921999044716358,14.995874023437526,-2.0322265625,-0.9982030987739564
2018-04-07,28.399999618530273,93.5731201171875,0.012529999949038029,15.380761718750026,-2.5037426948547363,-0.9097497463226318
2018-04-08,30.70000076293945,90.4004364013672,0.01196999941021204,15.22734985351565,-1.7820556163787842,-1.4259765148162842
2018-04-09,27.399999618530273,92.9000015258789,0.01193000003695488,14.755822753906275,-1.613503336906433,-1.0514330863952637
2018-04-10,28.80000114440918,91.5,0.012332138605415821,15.4827819824219,-1.933266520500183,-1.4019384384155271
2018-04-11,31.899999618530273,90.20000457763672,0.012639999389648438,16.085992431640648,-1.387109398841858,-0.5493749976158142
2018-04-12,27.899999618530273,90.41259002685548,0.012131006456911564,15.41997680664065,-1.4664952754974363,-1.2146142721176147
2018-04-13,26.74685096740723,90.10342407226562,0.012029999867081642,15.362817382812526,-1.6594336032867432,-1.6963988542556765
2018-04-14,29.079833984375,89.5999984741211,0.012249999679625034,15.7600036621094,-0.3666357398033142,-0.2273193299770355
2018-04-15,32.02074432373047,85.0,0.01196999941021204,16.242852783203148,1.388002872467041,0.2288769483566284
2018-04-16,31.0,86.5999984741211,0.011869999580085278,15.8209167480469,2.818115234375,0.5209081768989563
2018-04-17,31.70000076293945,83.20000457763672,0.011349999345839024,15.76104125976565,2.4064085483551025,-1.8661767244338991
2018-04-18,30.20000076293945,88.7503890991211,0.01208999939262867,15.731591796875026,1.4361644983291626,0.02329711802303791
2018-04-19,31.30000114440918,86.7075424194336,0.012029999867081642,16.010308837890648,0.9001708626747131,-0.2918359339237213
2018-04-20,30.230621337890625,80.80000305175781,0.011159999296069143,15.9439636230469,0.3280273377895355,-0.3470190465450287
2018-04-21,32.10000228881836,85.5999984741211,0.0122099993750453,16.427941894531273,0.8239160180091858,0.05466674640774727
2018-04-22,32.770809173583984,86.28579711914062,0.0126023655757308,16.769433593750026,-0.1995263695716858,-0.3126171827316284
2018-04-23,32.5,83.5999984741211,0.012349999509751795,16.978112792968773,0.5890136361122131,-0.2600781321525574
2018-04-24,33.88629913330078,87.70000457763672,0.012849999591708185,16.832238769531273,-0.8950903415679932,-1.1916797161102295
2018-04-25,30.20000076293945,93.5,0.012383037246763706,15.229577636718775,-1.5532103776931765,-0.7810351252555847
2018-04-26,26.899999618530273,92.20000457763672,0.012322240509092808,15.38018188476565,-1.79620361328125,-0.5431237816810608
2018-04-27,27.80000114440918,94.0999984741211,0.012949999421834946,15.829980468750026,-1.676973819732666,0.2564990222454071
2018-04-28,28.0,93.26583099365234,0.012567663565278052,15.5047546386719,-2.0641307830810547,-0.4296679496765137
2018-04-29,26.0,92.6305694580078,0.01181000005453825,14.67803344726565,-2.0779736042022705,-1.235883712768555
2018-04-30,29.10000038146973,93.00007629394531,0.01209999993443489,15.003869628906275,-1.822792887687683,-1.2168090343475342
2018-05-01,30.0,91.11011505126952,0.012079999782145023,15.24358520507815,-1.775800704956055,-0.3744286894798279
2018-05-02,31.10000038146973,91.67774963378906,0.011859999969601631,14.8972106933594,-0.23192016780376434,-0.3803381323814392
2018-05-03,29.10000038146973,86.30000305175781,0.010799999348819256,14.414453125000026,0.59063720703125,0.36536863446235657
2018-05-04,31.0,91.8000030517578,0.01236371323466301,15.461877441406275,-2.4129674434661865,-0.08626220375299454
2018-05-05,29.70000076293945,93.4671630859375,0.012709999457001686,15.6154724121094,-2.69070053100586,-0.5573803782463074
2018-05-06,26.10000038146973,93.20000457763672,0.012519999407231808,15.489221191406275,-2.1132519245147705,-0.201303705573082
2018-05-07,30.10000038146973,92.6978759765625,0.01252548582851887,15.582177734375026,-2.7883129119873047,-0.16102783381938934
2018-05-08,30.37501335144043,94.22004699707031,0.012214849703013895,14.9191833496094,-1.2535547018051147,-0.14436034858226776
2018-05-09,28.0,91.67540740966795,0.01145242527127266,14.346826171875026,-1.214409112930298,-0.9027978181838988
2018-05-10,27.20000076293945,92.59017181396484,0.01222490891814232,15.19561157226565,-2.491381883621216,-0.3089624047279358
2018-05-11,26.5,92.5999984741211,0.012229999527335169,15.2155700683594,-2.2779126167297363,-0.8653564453125
2018-05-12,23.399999618530273,92.59608459472656,0.011450000107288359,14.199914550781275,-0.8984326124191284,-0.7421997189521791
2018-05-13,25.80000114440918,87.0,0.011530239135026932,15.276635742187526,-0.3565234243869781,-0.571582019329071
2018-05-14,28.399999618530273,91.0999984741211,0.01181000005453825,14.924218750000026,-0.8405541777610779,-0.9113451838493348
2018-05-15,31.0,93.36194610595705,0.012759999372065069,15.7165466308594,-3.5094358921051025,0.3738134801387787
2018-05-16,29.399999618530273,89.5,0.011789999902248384,15.177758789062526,-0.5711755156517029,0.059515379369258874
2018-05-17,30.30000114440918,88.94755554199219,0.011995424516499044,15.558007812500026,-0.6626879572868347,-1.203832983970642
2018-05-18,25.70000076293945,85.0999984741211,0.010699999518692492,14.50127563476565,0.18988037109375,-0.7319433689117432
2018-05-19,28.20000076293945,89.4000015258789,0.011330000124871729,14.58416137695315,-1.0562890768051147,0.064697265625
2018-05-20,26.5,81.4000015258789,0.010530101135373116,14.939416503906275,-0.93792724609375,-0.7915282845497131
2018-05-21,30.60000038146973,89.5,0.011819999665021895,15.20195922851565,-1.1426244974136353,0.9447948932647704
2018-05-22,32.799999237060554,94.5,0.012519999407231808,15.24517211914065,-1.7331908941268919,0.8335326910018921
2018-05-23,28.20000076293945,92.0,0.01169000007212162,14.649987792968775,-2.040944814682007,-0.2723364233970642
2018-05-24,30.20000076293945,87.0999984741211,0.011321933008730413,15.050012207031275,-1.6856127977371216,-0.2745678722858429
2018-05-25,27.503803253173828,83.4000015258789,0.010729999281466007,14.82378540039065,-0.30663084983825684,-0.22694091498851776
2018-05-26,24.34491539001465,93.9000015258789,0.012211181223392488,14.9782653808594,-2.039348125457764,0.1393139660358429
2018-05-27,20.0880126953125,90.0999984741211,0.011549999937415123,14.75603637695315,-1.6740965843200684,0.33935546875
2018-05-28,18.399999618530273,89.30000305175781,0.01107999961823225,14.29461059570315,0.3115527331829071,1.06036376953125
2018-05-29,14.519824028015135,81.70000457763672,0.00949000008404255,13.341271972656275,-0.8393408060073853,-0.9472851157188416
2018-05-30,18.399999618530273,80.4000015258789,0.009339999407529831,13.32000122070315,-0.4900451600551605,-0.8147997856140137
2018-05-31,18.0,87.0,0.01036999933421612,13.679162597656275,-0.9375951886177064,-1.1846435070037842
2018-06-01,22.30000114440918,91.6463394165039,0.01209999993443489,15.2499938964844,-0.380146473646164,-0.18790771067142487
2018-06-02,24.30000114440918,92.5225830078125,0.012229999527335169,15.2499938964844,-0.9652734398841858,0.39924314618110657
2018-06-03,24.0,92.68331909179688,0.012550000101327896,15.607385253906275,-1.1620751619338991,0.6947070360183716
2018-06-04,27.70000076293945,89.80000305175781,0.012310000136494637,15.7912536621094,0.6366528272628784,1.2932909727096558
2018-06-05,33.361202239990234,90.0,0.012269999831914902,15.704248046875026,0.5679833889007568,0.41893309354782093
2018-06-06,30.9063663482666,89.0999984741211,0.011579999700188637,14.9766784667969,-0.81599360704422,-0.6803442239761353
2018-06-07,28.10000038146973,87.70000457763672,0.010911512188613415,14.33245239257815,-1.461296319961548,-0.029990233480930332
2018-06-08,27.899999618530273,89.5999984741211,0.010509999468922615,13.452294921875026,-0.2348583936691284,1.0830810070037842
2018-06-09,28.5,88.70000457763672,0.011050031520426272,14.36687622070315,-1.1212353706359863,0.5160766243934631
2018-06-10,24.399999618530273,88.70000457763672,0.01054999977350235,13.658654785156275,-0.31645017862319946,0.12332519143819808
2018-06-11,17.399999618530273,81.92826843261719,0.00916999951004982,12.829431152343775,0.2981640696525574,-0.10676024854183196
2018-06-12,13.894423484802244,78.70000457763672,0.008511076681315899,12.1712585449219,-1.141870141029358,-1.6860107183456419
2018-06-13,18.200000762939453,91.36153411865234,0.010909999720752241,13.713708496093775,-1.0223071575164795,-0.10544677823781967
2018-06-14,20.5,89.9204330444336,0.011039999313652515,14.1273132324219,-0.9121069312095642,0.2802343666553497
2018-06-15,19.399999618530273,84.32913970947266,0.009635292924940586,13.07732543945315,0.51422119140625,0.2825634777545929
2018-06-16,24.30000114440918,81.41300964355469,0.010049999691545963,14.27214965820315,-0.7448974251747131,0.027497557923197743
2018-06-17,27.70000076293945,89.64596557617188,0.011509999632835388,14.8093200683594,-1.5092748403549194,-0.2635180652141571
2018-06-18,27.899999618530273,91.3991470336914,0.011429999954998491,14.399194335937526,-1.1124926805496216,0.6474658250808716
2018-06-19,23.10000038146973,89.65754699707031,0.010780000127851965,13.761804199218775,-1.1717236042022705,0.3691088855266571
2018-06-20,23.20353507995605,90.65428924560548,0.010809999890625477,13.6639343261719,-0.8058544993400574,0.9160791039466858
2018-06-21,21.100000381469727,88.30000305175781,0.010540000163018705,13.720117187500026,-2.1333885192871094,-0.9165942072868348
2018-06-22,20.30000114440918,90.3000030517578,0.010209999978542328,12.95000610351565,-0.5019775032997131,-0.7420605421066284
2018-06-23,24.399999618530273,90.70000457763672,0.0112100001424551,14.2499938964844,-1.4091333150863647,-0.2071874886751175
2018-06-24,26.10000038146973,81.81890106201172,0.010049999691545963,14.1500183105469,-0.9018603563308716,0.00010986327833961695
2018-06-25,27.399999618530273,79.80000305175781,0.00998693611472845,14.432885742187526,0.1715356409549713,0.5409838557243347
2018-06-26,24.80000114440918,86.5999984741211,0.009929999709129332,13.050012207031275,-1.6153149604797363,-0.9570299983024596
2018-06-27,22.60000038146973,83.6153793334961,0.010049999691545963,13.759790039062526,-0.9025585651397704,-0.0772106945514679
2018-06-28,20.700000762939453,77.226318359375,0.008816070854663849,13.04998168945315,-0.6861254572868347,0.2699536085128784
2018-06-29,20.0,80.0999984741211,0.009382426738739014,13.4584899902344,-0.23725096881389615,-0.13441894948482513
2018-06-30,19.47868537902832,90.20000457763672,0.010979999788105488,13.95000610351565,-1.3232836723327637,0.4565258622169495
2018-07-01,16.565362930297848,89.80000305175781,0.010950000025331974,14.0197692871094,-1.2783349752426147,-0.1982104480266571
2018-07-02,24.60000038146973,90.4000015258789,0.010879999957978724,13.738977050781275,-1.7164453268051147,0.3653906285762787
2018-07-03,25.80000114440918,86.20392608642578,0.010389999486505984,13.836572265625026,-1.7263330221176147,-0.30045896768569946
2018-07-04,23.70000076293945,92.40027618408205,0.01121999975293875,13.9357849121094,-2.0133299827575684,0.9404247999191284
2018-07-05,19.30000114440918,86.70000457763672,0.009970000013709068,13.068261718750026,-2.253293514251709,-0.4400244057178497
2018-07-06,15.90000057220459,75.9000015258789,0.008609999902546406,13.053369140625026,0.794586181640625,1.158355712890625
2018-07-07,17.100000381469727,77.0999984741211,0.00827999971807003,12.20098266601565,0.1434326171875,0.3215789794921875
2018-07-08,19.700000762939453,79.80000305175781,0.00952999945729971,13.698999023437526,-2.156909227371216,-0.4079467952251434
2018-07-09,21.899999618530273,80.74186706542969,0.00989999994635582,14.1015563964844,-0.6300146579742432,0.6541601419448853
2018-07-10,21.899999618530273,87.20000457763672,0.01042348612099886,13.75591430664065,-1.6677001714706419,0.03351806476712227
2018-07-11,25.80000114440918,80.30000305175781,0.0098899994045496,14.2499938964844,0.1469433605670929,-0.1241772398352623
2018-07-12,24.30000114440918,76.30000305175781,0.009099999442696571,13.6580749511719,-0.3600573539733887,0.2860400378704071
2018-07-13,24.399999618530273,79.5,0.009711084887385368,14.05010375976565,-0.3042919933795929,1.325964331626892
2018-07-14,21.899999618530273,84.41590881347656,0.009829999879002571,13.3353210449219,-1.3657885789871216,0.4140966832637787
2018-07-15,21.899999618530273,84.80000305175781,0.009800000116229056,13.1950622558594,-1.1259887218475342,-0.005390624981373549
2018-07-16,14.100000381469727,82.9111328125,0.008669999428093433,11.7499938964844,-0.4002905189990997,-0.2896508872509003
2018-07-17,12.800000190734865,80.79524993896484,0.008619999513030052,12.081689453125026,-0.380744606256485,0.08149169385433197
2018-07-18,18.600000381469727,66.49257659912111,0.007679999805986881,13.2499938964844,0.9596728086471558,-0.2860058546066284
2018-07-19,19.100000381469727,75.97547912597656,0.008359999395906925,12.540246582031275,-0.2353564351797104,0.024748533964157104
2018-07-20,19.899999618530273,72.29215240478516,0.008559999987483025,13.550012207031275,0.1696508824825287,0.3502587676048279
2018-07-21,19.100000381469727,85.0999984741211,0.009099999442696571,12.11467895507815,-1.677604913711548,-0.5467821955680847
2018-07-22,18.5,88.87289428710938,0.010230000130832195,13.1500183105469,-1.3151977062225342,0.6459631323814392
2018-07-23,18.5,85.4000015258789,0.00964999943971634,12.85808715820315,-0.8496386408805847,1.5836913585662842
2018-07-24,19.0,85.65333557128906,0.009089999832212923,11.95000610351565,-0.9596533179283142,-0.3113085925579071
2018-07-25,21.1136474609375,82.79805755615234,0.009039999917149544,12.3499694824219,-1.7451025247573853,0.02043456956744194
2018-07-26,23.5,82.8185043334961,0.008990000002086163,12.2499938964844,-1.1767138242721558,0.7993432283401489
2018-07-27,21.5,81.07182312011719,0.008757905103266241,12.237756347656275,-0.555188000202179,-0.5689721703529358
2018-07-28,18.5,85.4719467163086,0.009569589979946613,12.732934570312526,-1.2403368949890137,-0.7918188571929932
2018-07-29,22.70000076293945,84.9000015258789,0.010300000198185444,13.964013671875026,-1.208715796470642,-0.8060851693153381
2018-07-30,24.30000114440918,83.5,0.010152431204915048,13.977868652343775,-1.1270751953125,-0.78364497423172
2018-07-31,26.579833984375,88.0,0.011500000022351742,15.04900512695315,-1.7233446836471558,0.006523437332361937
2018-08-01,19.0,88.0,0.01078999973833561,14.07158813476565,-2.030444383621216,-0.3151928782463074
2018-08-02,15.40000057220459,85.13785552978516,0.010157204233109951,13.66338500976565,-1.7098461389541626,-1.2017529010772705
2018-08-03,16.30000114440918,82.52497863769531,0.009970000013709068,13.850000000000026,-1.1339428424835205,-1.4557665586471558
2018-08-04,15.699999809265135,80.59611511230469,0.009208160452544691,12.949975585937526,-1.849284648895264,-1.429487228393555
2018-08-05,14.600000381469727,80.20694732666016,0.008990000002086163,12.7499938964844,-2.9198436737060547,-1.5834227800369265
2018-08-06,21.200000762939453,85.5041732788086,0.010131168179214,13.550012207031275,-2.228886604309082,0.3232665956020355
2018-08-07,19.100000381469727,84.61793518066406,0.00989999994635582,13.350000000000026,-2.3479442596435547,-1.0873730182647705
2018-08-08,16.899999618530273,68.40000152587889,0.00774999987334013,12.906640625000026,-2.0120434761047363,-1.3461278676986694
2018-08-09,18.200000762939453,72.9000015258789,0.008755015209317206,13.788537597656275,-1.4594579935073853,-0.9620947241783142
2018-08-10,18.5,78.75039672851562,0.009479999542236328,13.85173950195315,-1.156005859375,-0.9239770174026488
2018-08-11,22.399999618530273,85.83149719238281,0.009941574186086656,13.260034179687526,-2.1476805210113525,-0.6137011647224426
2018-08-12,21.600000381469727,84.14087677001953,0.010245355777442457,14.009179687500026,-3.733999013900757,-0.3791967630386353
2018-08-13,18.5,80.30000305175781,0.009349999949336052,13.331445312500026,-2.7220921516418457,-0.15721435844898224
2018-08-14,15.199999809265135,82.0999984741211,0.008999999612569809,12.421716308593775,-2.101757764816284,-0.7946337461471558
2018-08-15,18.30000114440918,83.4000015258789,0.009929999709129332,13.656152343750026,-2.257810115814209,-0.4114623963832855
2018-08-16,19.80000114440918,84.80653381347656,0.01030999980866909,13.9827819824219,-1.9726660251617432,0.8258544802665709
2018-08-17,20.399999618530273,79.8508529663086,0.00863999966531992,12.221704101562526,-0.7214916944503784,-0.4075781106948853
2018-08-18,25.30000114440918,85.0999984741211,0.009560000151395798,12.7441345214844,-1.4959619045257568,-0.24615478515625
2018-08-19,28.80000114440918,84.80000305175781,0.010488539934158323,14.2219177246094,-0.9138036966323853,0.20877929031848907
2018-08-20,22.60000038146973,71.70000457763672,0.00827999971807003,13.112329101562526,-1.1536034345626829,-0.2357568293809891
2018-08-21,23.052289962768555,75.70000457763672,0.008700000122189522,13.07085571289065,-2.8505492210388184,-0.9039648175239564
2018-08-22,21.5,73.5,0.00877000018954277,13.649987792968775,-1.4249511957168581,-0.5110302567481995
2018-08-23,26.20000076293945,87.4872055053711,0.010649558156728745,13.95000610351565,-1.9001562595367432,-0.372138649225235
2018-08-24,23.10000038146973,88.521484375,0.010280000045895576,13.249658203125026,-1.0213916301727295,-0.08543945103883742
2018-08-25,26.70000076293945,79.53270721435547,0.009914123453199863,14.350000000000026,-2.2859861850738525,-0.499335914850235
2018-08-26,25.30000114440918,87.6081314086914,0.011389999650418758,14.95000610351565,-1.7288439273834229,0.2428369075059891
2018-08-27,23.70000076293945,81.61324310302734,0.009979999624192716,14.0317321777344,-0.4940820336341858,0.3252587914466858
2018-08-28,27.10000038146973,83.0999984741211,0.011479999870061873,15.885339355468775,-0.8572167754173279,0.12669920921325686
2018-08-29,26.30000114440918,78.30380249023438,0.009709999896585941,14.28838500976565,-1.5398827791213991,0.030931396409869194
2018-08-30,23.10000038146973,77.30000305175781,0.009349999949336052,13.88787231445315,-2.3871726989746094,-0.1449853479862213
2018-08-31,21.5,76.50423431396484,0.009519999846816065,14.271936035156275,-1.3423950672149658,0.13643799722194672
2018-09-01,24.30000114440918,81.10133361816406,0.01013999991118908,14.350000000000026,-1.5621582269668581,-0.05448608472943306
2018-09-02,23.20000076293945,81.80000305175781,0.010644488036632538,14.9682556152344,-1.5138524770736694,-0.1983642578125
2018-09-03,24.70000076293945,83.0999984741211,0.01072004809975624,14.87212524414065,-0.9568700790405272,-0.34577634930610657
2018-09-04,24.60000038146973,83.9000015258789,0.010799999348819256,14.8940368652344,-2.83312726020813,-1.1042822599411009
2018-09-05,25.899999618530273,88.5,0.01152000017464161,14.985864257812526,-2.886601448059082,0.562670886516571
2018-09-06,22.200000762939453,84.0999984741211,0.010919999331235886,14.9752136230469,-3.343632698059082,0.6254980564117432
2018-09-07,21.100000381469727,86.20000457763672,0.010769999586045742,14.350000000000026,-1.5106250047683716,-0.9726757407188416
2018-09-08,18.899999618530273,85.80000305175781,0.011004963889718056,14.7499938964844,-3.5559985637664795,-0.6623632907867432
2018-09-09,17.600000381469727,77.5,0.009259999729692936,13.649987792968775,-1.808332443237305,-1.4543603658676147
2018-09-10,19.5,83.0999984741211,0.011369999498128893,15.7499938964844,-3.254379749298096,-1.0816333293914795
2018-09-11,22.80000114440918,82.4000015258789,0.011479999870061873,16.050012207031273,-3.3190722465515137,-0.9605883359909058
2018-09-12,17.100000381469727,84.5,0.010350000113248823,14.048791503906275,-3.595422506332397,-1.374780297279358
2018-09-13,17.200000762939453,81.39506530761719,0.010350000113248823,14.56829223632815,-3.4974548816680913,-1.30645751953125
2018-09-14,19.80000114440918,85.9000015258789,0.01172999944537878,15.706201171875026,-2.4169921875,-0.049956053495407104
2018-09-15,20.0,82.70000457763672,0.0111499996855855,15.550012207031275,-3.236039876937866,-0.9583007693290709
2018-09-16,16.80000114440918,70.53031921386719,0.0088900001719594,14.47368774414065,-1.7595678567886353,-1.64755117893219
2018-09-17,14.699999809265135,66.0,0.008160746656358242,14.149987792968775,-1.046789526939392,-1.3089599609375
2018-09-18,17.881847381591797,76.80000305175781,0.009499999694526196,14.1500183105469,-2.5030882358551025,-1.3746240139007568
2018-09-19,18.9974365234375,80.70000457763672,0.009859999641776085,14.0029235839844,-2.5907957553863525,-1.4626024961471558
2018-09-20,21.100000381469727,78.0999984741211,0.009829999879002571,14.475305175781275,-3.0578832626342773,-1.187685489654541
2018-09-21,19.0,81.0,0.011344498954713345,16.050012207031273,-2.0061962604522705,0.20930907130241394
2018-09-22,21.899999618530273,85.20000457763672,0.01109765749424696,15.000451660156275,-2.627626895904541,-0.8091235160827637
2018-09-23,19.700000762939453,80.0,0.009739999659359457,13.967248535156275,-2.2317333221435547,-1.4112157821655271
2018-09-24,18.80000114440918,80.70000457763672,0.01005999930202961,14.331689453125026,-2.946616172790528,-1.0866748094558716
2018-09-25,21.200000762939453,83.35879516601562,0.011229999363422394,15.51775512695315,-4.130096435546875,-0.030535889789462086
2018-09-26,21.700000762939453,85.9000015258789,0.011459999717772007,15.3414245605469,-2.987612247467041,-0.9562011361122132
2018-09-27,26.399999618530273,82.0,0.011409999802708626,16.024865722656273,-3.7807812690734863,0.040034178644418716
2018-09-28,24.80000114440918,87.51018524169922,0.011939999647438526,15.6500183105469,-2.4221727848052983,-1.2645361423492432
2018-09-29,14.90000057220459,85.70000457763672,0.011520051397383213,15.456018066406275,-3.1674389839172363,-0.4048120081424713
2018-09-30,20.100000381469727,81.0,0.010989999398589134,15.6216979980469,-2.298535108566284,-0.6944970488548279
2018-10-01,16.187929153442386,67.5,0.007969938218593597,13.5101257324219,-0.8458886742591858,-1.8646581172943115
2018-10-02,22.51301383972168,81.20000457763672,0.009746450930833815,13.7341247558594,-3.0549530982971187,-1.1420410871505735
2018-10-03,25.30000114440918,87.20000457763672,0.011370006948709488,15.009729003906275,-3.589628934860229,-0.2712719738483429
2018-10-04,22.5,81.5999984741211,0.010950000025331974,15.4455505371094,-3.60125470161438,-1.5450390577316284
2018-10-05,19.200000762939453,81.3434066772461,0.010859300382435322,15.373559570312526,-2.8442625999450684,-1.0169652700424194
2018-10-06,21.399999618530273,83.70000457763672,0.011634623631834984,15.997155761718775,-3.769526243209839,-0.5450780987739563
2018-10-07,23.0,82.9000015258789,0.011869999580085278,16.434869384765648,-3.67007064819336,-0.17569579184055328
2018-10-08,25.399999618530273,82.13606262207031,0.011647040955722332,16.270104980468773,-3.6256396770477295,-1.246076583862305
2018-10-09,28.5,85.11766815185547,0.011750880628824234,15.857568359375026,-2.5397119522094727,-0.2598291039466858
2018-10-10,24.70000076293945,82.9000015258789,0.010894561186432837,15.12139282226565,-4.0052170753478995,-1.240576148033142
2018-10-11,23.899999618530273,83.20000457763672,0.011401958763599396,15.76592407226565,-3.2025609016418457,-0.7051464915275574
2018-10-12,24.899999618530273,76.33613586425781,0.010599999688565731,15.9772888183594,-1.898842692375183,-0.7767846584320068
2018-10-13,26.399999618530273,84.7510757446289,0.012149999849498272,16.460260009765648,-3.884526252746582,-1.6676512956619265
2018-10-14,24.60000038146973,82.80000305175781,0.011403786018490791,15.85564575195315,-2.6431541442871094,-1.628471612930298
2018-10-15,20.399999618530273,80.20000457763672,0.01124999951571226,16.128289794921898,-2.0823779106140137,-1.9201390743255613
2018-10-16,23.30000114440918,86.12435150146484,0.012369999662041664,16.504205322265648,-3.0474169254302983,-1.0535742044448853
2018-10-17,26.70000076293945,87.89315032958984,0.012369999662041664,16.192010498046898,-3.8756396770477295,-2.066723585128784
2018-10-18,24.10000038146973,84.5,0.011490023694932459,15.6204772949219,-3.419667959213257,-2.543271541595459
2018-10-19,30.60000038146973,87.0999984741211,0.011889999732375143,15.68438110351565,-3.0885741710662837,-2.5574266910552983
2018-10-20,15.706570625305176,87.20000457763672,0.011478583328425884,15.116296386718775,-3.852241039276123,-3.2834129333496094
2018-10-21,18.899999618530273,72.80000305175781,0.010020005516707895,15.848352050781275,-4.071662425994873,-2.333178758621216
2018-10-22,22.899999618530273,86.6042251586914,0.011776170693337916,15.650170898437526,-4.677685260772705,-0.01877441443502903
2018-10-23,26.10000038146973,85.90029907226562,0.011251574382185936,15.0849548339844,-5.212805271148682,1.6385132074356081
2018-10-24,24.47991180419922,89.6606674194336,0.011098590679466723,14.224572753906275,-1.5521118640899658,-0.767578125
2018-10-25,28.198789596557614,69.09999847412111,0.009025468491017818,15.0424743652344,-0.941186547279358,-0.96649169921875
2018-10-26,27.069005966186523,88.86766815185547,0.011459999717772007,14.84685668945315,-0.880584716796875,1.273345947265625
2018-10-27,27.3109073638916,91.3000030517578,0.011949999257922173,15.089135742187526,-2.667932271957397,-0.551831066608429
2018-10-28,27.25111198425293,88.30000305175781,0.011919999495148659,15.54436645507815,-2.4894676208496094,-0.73683100938797
2018-10-29,24.60000038146973,88.79953002929688,0.011905990540981293,15.433679199218775,-3.4094629287719727,-1.27301025390625
2018-10-30,26.70000076293945,87.17015075683594,0.011789999902248384,15.55657348632815,-3.0698022842407227,-1.7290453910827637
2018-10-31,25.184253692626953,84.06873321533203,0.010869999416172504,14.8480163574219,-2.75002670288086,-2.0837938785552983
2018-11-01,24.399999618530273,90.4000015258789,0.012232019565999508,15.549218750000026,-4.097057819366455,-3.126223087310791
2018-11-02,26.899999618530273,90.20000457763672,0.011949999257922173,15.21209106445315,-3.819147825241089,-3.1316771507263184
2018-11-03,20.415746688842773,87.80000305175781,0.011749574914574623,15.36553344726565,-3.732985734939575,-3.1223363876342773
2018-11-04,22.82810020446777,89.0,0.011629999615252018,15.0255065917969,-2.654301643371582,-1.9506982564926147
2018-11-05,23.537506103515625,84.5,0.010439999401569366,14.16130981445315,-1.8230053186416624,-1.4870727062225342
2018-11-06,20.002309799194336,82.1103744506836,0.010533629916608334,14.727502441406275,-2.7444822788238525,-2.2418017387390137
2018-11-07,20.700000762939453,84.80000305175781,0.011186540126800535,15.168481445312526,-2.6952710151672363,-1.939150333404541
2018-11-08,20.41180992126465,87.98518371582031,0.012039999477565287,15.737512207031275,-3.1819725036621094,-2.0372314453125
2018-11-09,24.04966163635254,85.20000457763672,0.012279999442398548,16.532769775390648,-2.7718870639801025,-1.1307666301727295
2018-11-10,27.60000038146973,91.43476104736328,0.012129999697208405,15.281274414062526,-2.223105430603028,-0.6238171458244324
2018-11-11,28.399999618530273,91.0999984741211,0.012317667715251446,15.56011352539065,-2.7611522674560547,-1.5760961771011353
2018-11-12,23.0,90.35259246826172,0.011389999650418758,14.48259887695315,-1.6299681663513184,-1.3045995235443115
2018-11-13,24.148889541625977,88.26046752929688,0.012120000086724758,15.77031860351565,-4.229345798492432,-1.9284106492996216
2018-11-14,22.399999618530273,87.9000015258789,0.012179999612271786,15.8997741699219,-4.122201919555663,-2.222463369369507
2018-11-15,24.5,90.20565795898438,0.01235792227089405,15.734460449218775,-3.79131817817688,-0.8933178782463074
2018-11-16,19.30000114440918,76.4000015258789,0.009697532281279564,14.6007019042969,-1.2259668111801147,-1.5221045017242432
2018-11-17,22.899999618530273,77.5,0.011009999550879002,16.356256103515648,-3.103591203689575,-1.6353930234909058
2018-11-18,24.226490020751953,90.5,0.011909999884665012,15.149072265625026,-2.069040536880493,-1.5392333269119265
2018-11-19,24.70000076293945,88.76647186279297,0.012263922952115536,15.91619262695315,-3.264238119125366,-2.542963743209839
2018-11-20,29.70000076293945,91.8000030517578,0.01208005752414465,15.1334167480469,-2.9501538276672363,-2.095366239547729
2018-11-21,30.304187774658203,91.20000457763672,0.012159999459981918,15.33330688476565,-2.7427294254302983,-2.015166044235229
2018-11-22,29.5,89.30000305175781,0.012059999629855156,15.5372253417969,-3.517685413360596,-2.404487133026123
2018-11-23,25.90231132507324,89.70000457763672,0.011890558525919914,15.255578613281275,-1.6796777248382568,-2.3398802280426025
2018-11-24,27.20000076293945,92.0999984741211,0.01220504567027092,15.227075195312526,-3.4971435070037837,-2.8308348655700684
2018-11-25,22.98126602172852,92.4000015258789,0.011837403289973736,14.7282653808594,-4.480981349945068,-3.3061108589172363
2018-11-26,28.629154205322266,91.5,0.011739999987185,14.7464538574219,-2.5053393840789795,-1.5303612947463991
2018-11-27,24.457603454589844,90.20000457763672,0.011176785454154016,14.191918945312526,-3.10900616645813,-2.9794237613677983
2018-11-28,23.0,85.30000305175781,0.010819999501109123,14.5573669433594,-2.687734365463257,-2.5751585960388184
2018-11-29,21.399999618530273,90.70000457763672,0.011380000039935112,14.38836059570315,-3.6631689071655273,-2.6167919635772705
2018-11-30,20.899999618530273,84.4000015258789,0.010760025121271609,14.6302429199219,-3.713947772979736,-3.010087728500366
2018-12-01,21.0,73.0999984741211,0.009440026246011255,14.8181091308594,-4.2891626358032235,-3.471491575241089
2018-12-02,24.38639640808105,91.0,0.01126000005751848,14.1605163574219,-2.329892635345459,-2.17364501953125
2018-12-03,22.38639640808105,90.20000457763672,0.011309999972581863,14.374414062500026,-1.711586833000183,-2.2187840938568115
2018-12-04,26.80000114440918,93.0999984741211,0.01169000007212162,14.3806091308594,-2.683200597763061,-2.357382774353028
2018-12-05,25.5,91.3000030517578,0.011450000107288359,14.378503417968775,-2.8201122283935547,-2.6326684951782227
2018-12-06,22.93336296081543,89.2000503540039,0.010996032506227492,14.127465820312526,-1.6847851276397705,-2.1456372737884517
2018-12-07,24.813440322875977,85.30000305175781,0.01107999961823225,14.9498229980469,-2.3285887241363525,-2.2601537704467773
2018-12-08,25.350372314453125,90.8000030517578,0.011481273919343948,14.500451660156275,-2.697011709213257,-2.346433162689209
2018-12-09,23.843475341796875,89.5999984741211,0.01144225802272558,14.68633422851565,-1.7985742092132568,-2.2778856754302983
2018-12-10,27.60000038146973,90.20000457763672,0.011899999342858791,15.208093261718775,-0.11661376804113388,-1.4614623785018919
2018-12-11,33.08784866333008,87.5999984741211,0.01236000005155802,16.292321777343773,-0.2745385766029358,-0.18305663764476776
2018-12-12,28.26737976074219,87.0,0.011429999954998491,15.180749511718775,0.2767480313777924,-1.0233129262924194
2018-12-13,26.899999618530273,94.0999984741211,0.0124099999666214,15.197229003906275,-1.7972997426986694,-1.1710058450698853
2018-12-14,27.613439559936523,84.71788787841797,0.01078304462134838,14.653894042968775,-2.09316635131836,-2.4952099323272705
2018-12-15,24.20000076293945,89.2616195678711,0.01092100515961647,14.04607543945315,-2.181406259536743,-2.307387590408325
2018-12-16,22.80000114440918,92.3000030517578,0.011699999682605268,14.601708984375026,-1.122856378555298,-1.5971020460128784
2018-12-17,22.100000381469727,92.70000457763672,0.012389999814331532,15.38628540039065,-2.1454710960388184,-2.056337833404541
2018-12-18,23.10145568847656,95.76930236816406,0.012466169893741608,14.962365722656275,-2.299067258834839,-1.5626318454742432
2018-12-19,27.399999618530273,94.5,0.012463664636015892,15.1779724121094,-2.2571775913238525,-1.4663232564926147
2018-12-20,26.737506866455078,92.3000030517578,0.01160999946296215,14.437036132812526,-1.2266894578933716,-1.3974658250808716
2018-12-21,26.304723739624023,94.0999984741211,0.012453272007405758,15.216271972656275,-1.9398778676986692,-1.6920727491378784
2018-12-22,23.10000038146973,91.8000030517578,0.0124099999666214,15.530480957031275,-2.341940402984619,-2.103771924972534
2018-12-23,26.87338256835937,94.70000457763672,0.012559999711811544,15.2343688964844,-3.158205509185791,-1.9684057235717771
2018-12-24,19.978961944580078,90.70000457763672,0.011439999565482141,14.477441406250026,-2.188832998275757,-1.3521801233291626
2018-12-25,15.217358589172365,90.02641296386719,0.011610137298703194,14.814355468750026,-3.0879907608032227,-2.199213743209839
2018-12-26,15.40000057220459,95.0,0.011523925699293612,13.882043457031275,-2.734240770339966,-1.9593310356140137
2018-12-27,20.13750648498535,74.5,0.009261957369744778,14.276086425781275,-2.9265356063842773,-2.7502367496490483
2018-12-28,19.51344108581543,87.80000305175781,0.010409999638795851,13.5244079589844,-2.454604387283325,-2.714370012283325
2018-12-29,22.61068725585937,84.0,0.010460015386343002,14.322229003906275,-1.942121505737305,-2.484570264816284
2018-12-30,24.0,88.9000015258789,0.011029999703168869,14.24456176757815,-2.3654100894927983,-2.657175302505493
2018-12-31,23.80000114440918,91.13540649414062,0.011163569986820221,14.04985961914065,-3.125696897506714,-3.0418505668640137
2019-01-01,20.1863956451416,85.0999984741211,0.010319999419152737,13.913171386718775,-2.6280980110168457,-3.0629100799560547
2019-01-02,19.269006729125977,92.9618911743164,0.011469999328255652,14.179895019531275,-1.987404704093933,-2.121166944503784
2019-01-03,18.899999618530273,86.2088623046875,0.01142072770744562,15.288964843750026,-2.5502710342407227,-2.690844774246216
2019-01-04,25.297779083251953,87.56610870361328,0.01159120351076126,15.242639160156275,-2.7180492877960205,-2.1389598846435547
2019-01-05,22.60000038146973,79.0926742553711,0.009811406955122948,14.233483886718775,-2.5587353706359863,-2.985502958297729
2019-01-06,24.354345321655273,82.3717269897461,0.0102564487606287,14.309655761718775,-1.4851586818695068,-2.277114152908325
2019-01-07,23.415075302124023,71.86490631103516,0.009089844301342964,14.54155883789065,-1.177736759185791,-1.5838500261306765
2019-01-08,24.0,62.72052764892578,0.008648441173136234,15.8438659667969,-2.174521446228028,-2.576755285263061
2019-01-09,25.20000076293945,75.4000015258789,0.009839999489486216,14.999658203125026,-1.820629835128784,-2.514799833297729
2019-01-10,24.60000038146973,58.678016662597656,0.008610506542026997,16.802728271484398,-3.0766308307647705,-3.7157104015350337
2019-01-11,25.5,57.53662109375,0.007831023074686527,15.6590515136719,-1.9904321432113647,-2.614514112472534
2019-01-12,14.273383140563965,62.79999923706055,0.00846047792583704,15.503991699218775,-3.1833715438842773,-3.4219846725463867
2019-01-13,22.30000114440918,65.0,0.00875999964773655,15.5153747558594,-2.8307812213897705,-3.2264904975891118
2019-01-14,21.6863956451416,81.80252075195312,0.010329999960958958,14.488977050781275,-1.6592065095901491,-2.4490063190460205
2019-01-15,25.10000038146973,83.30000305175781,0.010799999348819256,14.937951660156275,-0.6984545588493347,-2.1155810356140137
2019-01-16,28.708478927612305,90.71248626708984,0.012000000104308128,15.23735961914065,-1.8170702457427976,-1.404655694961548
2019-01-17,26.54986572265625,93.0,0.011769999749958515,14.548791503906275,-0.7817016243934631,-1.5754967927932741
2019-01-18,23.25089454650879,78.5999984741211,0.010719999670982359,15.70379028320315,-1.7814977169036863,-2.7858128547668457
2019-01-19,22.52848243713379,77.30000305175781,0.010340677574276924,15.4518981933594,-1.0172899961471558,-2.959213733673096
2019-01-20,26.0,71.51671600341797,0.01039308588951826,16.780877685546898,-1.8763768672943115,-1.9980981349945068
2019-01-21,26.30000114440918,66.70000457763672,0.009709999896585941,16.814141845703148,-0.5972656011581421,-1.8688231706619265
2019-01-22,23.22377014160156,65.5,0.009180000051856041,16.195672607421898,0.3963671922683716,-1.9395971298217771
2019-01-23,21.5,79.70000457763672,0.010580270551145077,15.30498657226565,-1.910341739654541,-2.4562108516693115
2019-01-24,21.958864212036133,83.0,0.010830000042915344,15.061669921875026,-2.189848661422729,-2.3454370498657227
2019-01-25,18.899999618530273,77.54509735107422,0.010260370559990406,15.2325378417969,-2.272876024246216,-2.261484384536743
2019-01-26,16.705093383789062,67.30000305175781,0.00916999951004982,15.71441040039065,-2.775664091110229,-2.985869169235229
2019-01-27,16.500249862670902,87.30000305175781,0.011580145917832851,15.290917968750026,-3.088625431060791,-3.0632762908935547
2019-01-28,20.200000762939453,69.80000305175781,0.00987036619335413,16.271478271484398,-3.293647289276123,-2.632558584213257
2019-01-29,17.910688400268555,84.4000015258789,0.011129999533295631,15.185205078125026,-2.6414575576782227,-2.8056347370147705
2019-01-30,13.644360542297365,80.89087677001953,0.010329433716833591,14.700646972656275,-2.705004930496216,-3.1728198528289795
2019-01-31,18.399999618530273,86.3410873413086,0.011413488537073135,15.2156921386719,-2.876530647277832,-2.8532030582427983
2019-02-01,21.399999618530273,85.30000305175781,0.011330000124871729,15.310083007812526,-2.9109251499176025,-3.239997386932373
2019-02-02,16.200000762939453,57.93071365356445,0.008054764941334723,15.9935241699219,-3.1837499141693115,-3.202775716781616
2019-02-03,17.100000381469727,55.15507888793945,0.007720470428466797,16.092736816406273,-2.305696964263916,-2.847128868103028
2019-02-04,21.100000381469727,59.600135803222656,0.008880057372152805,17.090997314453148,-1.926342725753784,-2.1327221393585205
2019-02-05,24.30000114440918,60.4000015258789,0.009499999694526196,17.890435791015648,-4.990703105926514,-2.96252179145813
2019-02-06,19.93336296081543,65.0,0.00904999952763319,16.002740478515648,-3.3508496284484863,-3.066081523895264
2019-02-07,25.30000114440918,61.79999923706055,0.009060000069439413,16.818902587890648,-2.969484806060791,-1.4677343368530271
2019-02-08,24.20000076293945,79.5999984741211,0.011071584187448023,15.9923034667969,-2.3893163204193115,-3.0346336364746094
2019-02-09,26.20000076293945,71.22570037841797,0.01060670893639326,17.041101074218773,-1.7823193073272705,-2.4336473941802983
2019-02-10,21.486988067626953,76.75180053710938,0.010744002647697927,16.071801757812526,-3.846347570419312,-3.780439376831055
2019-02-11,21.30000114440918,66.0,0.009189999662339687,16.011834716796898,-3.2363817691802983,-3.4867870807647705
2019-02-12,18.200000762939453,65.90000152587889,0.0092199994251132,16.092462158203148,-3.06396484375,-3.400698184967041
2019-02-13,10.921930313110352,58.40005111694336,0.0076411464251577845,15.072351074218775,-3.570070743560791,-2.825388193130493
2019-02-14,14.661242485046387,74.20014953613281,0.009767231531441212,15.180688476562526,-3.059458017349243,-2.6549851894378658
2019-02-15,15.699999809265135,75.80000305175781,0.009509999305009842,14.46489868164065,-1.8915380239486692,-2.525524854660034
2019-02-16,22.37371635437012,66.72872161865234,0.009360729716718195,16.171136474609398,-2.7966649532318115,-2.6858372688293457
2019-02-17,25.37038612365723,76.9000015258789,0.010599999688565731,15.8912292480469,-2.85473370552063,-2.287648916244507
2019-02-18,14.199999809265135,54.07928085327149,0.007846629247069359,16.664025878906273,-2.49725341796875,-2.8193359375
2019-02-19,17.700000762939453,59.07183456420898,0.008588017895817757,16.758172607421898,-1.262658715248108,-2.392712354660034
2019-02-20,21.600000381469727,77.53108215332031,0.011532306671142578,17.030755615234398,-3.296403646469116,-1.81680166721344
2019-02-21,27.60000038146973,85.9000015258789,0.012269999831914902,16.413171386718773,-5.880168437957764,-1.5786694288253784
2019-02-22,19.406457901000977,69.40231323242189,0.009690015576779842,16.050134277343773,-3.5711474418640137,-2.3262059688568115
2019-02-23,23.60000038146973,79.70000457763672,0.010769999586045742,15.564477539062526,-2.1003465652465816,-2.8309764862060547
2019-02-24,24.52848243713379,79.96453857421875,0.011353785172104836,16.330529785156273,-1.8255523443222048,-2.2453553676605225
2019-02-25,18.44576072692871,88.93213653564453,0.011922989971935749,15.4396911621094,-1.7917187213897705,-1.694379806518555
2019-02-26,15.409178733825685,71.9043960571289,0.010024324990808964,16.040155029296898,-2.9852538108825684,-2.630478382110596
2019-02-27,10.800000190734863,59.02495956420898,0.008257631212472916,16.083337402343773,-2.861601591110229,-2.914804697036743
2019-02-28,12.260205268859865,75.4000015258789,0.010485677048563955,16.016015625000026,-2.422270536422729,-2.549809455871582
2019-03-01,22.60000038146973,61.29999923706055,0.009533876553177834,17.725335693359398,-2.0439891815185547,-2.582385301589966
2019-03-02,21.350372314453125,45.70266723632813,0.007419999688863754,18.414117431640648,-1.0066430568695068,-1.3973265886306765
2019-03-03,21.899999618530273,71.31877136230469,0.010733155533671379,17.391473388671898,2.3811204433441158,0.12519042193889618
2019-03-04,24.5,63.30566024780274,0.010337904095649721,18.591302490234398,2.0619287490844727,0.5080834627151489
2019-03-05,23.0,66.09999847412111,0.0098899994045496,17.246820068359398,-0.7964404225349426,-1.9293895959854128
2019-03-06,16.30000114440918,63.9000015258789,0.00914999935775995,16.490960693359398,-0.5079028010368347,-2.0892553329467773
2019-03-07,17.837507247924805,53.10000228881836,0.007779999636113644,16.820397949218773,1.1055077314376829,-1.6751611232757568
2019-03-08,14.495444297790527,42.20000076293945,0.0063799996860325345,17.320886230468773,-0.8237817287445068,-2.1241381168365483
2019-03-09,16.659477233886722,57.7449836730957,0.0086899995803833,17.277124023437526,-0.9732568264007568,-2.461909055709839
2019-03-10,11.403559684753418,44.900001525878906,0.0067599997855722896,17.249993896484398,-3.956362247467041,-3.4986815452575684
2019-03-11,15.759477615356445,57.9000015258789,0.008156223222613335,16.202905273437526,-2.4210546016693115,-2.692453622817993
2019-03-12,19.65947723388672,60.4000015258789,0.009180000051856041,17.403710937500026,-3.3242528438568115,-3.5162792205810547
2019-03-13,14.600000381469727,46.4000015258789,0.0071799997240304956,17.669396972656273,-4.061105728149413,-3.7965476512908936
2019-03-14,14.90000057220459,62.4000015258789,0.008789999410510063,16.203851318359398,-4.189277172088623,-2.74481201171875
2019-03-15,16.700000762939453,64.20000457763672,0.009329999797046185,16.690118408203148,-4.0734033584594735,-2.9412548542022705
2019-03-16,18.30000114440918,66.06488800048828,0.01001999992877245,17.363946533203148,-4.418513298034668,-3.02514386177063
2019-03-17,19.100000381469727,83.97675323486328,0.012259999290108679,16.745812988281273,-2.861845731735229,-2.8719677925109863
2019-03-18,19.399999618530273,83.5999984741211,0.012279999442398548,16.870812988281273,-2.5106518268585205,-2.1689500808715816
2019-03-19,20.80000114440918,76.5999984741211,0.011670569889247416,17.401757812500026,-4.3129539489746085,-3.603491067886353
2019-03-20,16.100000381469727,68.63778686523439,0.010280000045895576,17.105889892578148,-3.9412157535552983,-3.2242553234100337
2019-03-21,18.399999618530273,71.92826843261719,0.010400000028312206,16.562951660156273,-3.603368997573853,-2.9357030391693115
2019-03-22,24.20000076293945,76.20000457763672,0.01196999941021204,17.893426513671898,-2.869658231735229,-2.6654443740844727
2019-03-23,18.100000381469727,86.4000015258789,0.012439999729394913,16.522576904296898,-3.85467267036438,-3.2960326671600337
2019-03-24,11.600000381469727,67.8228759765625,0.009730000048875807,16.454919433593773,-4.036880016326903,-3.493852376937866
2019-03-25,17.600000381469727,75.9000015258789,0.010769999586045742,16.299340820312526,-2.110922813415528,-2.362600088119507
2019-03-26,20.91486167907715,61.97819137573242,0.009379999712109566,17.339440917968773,-2.7918529510498047,-2.546672344207764
2019-03-27,21.74769401550293,58.85907745361328,0.008969999849796295,17.492181396484398,-3.126669883728028,-2.2823827266693115
2019-03-28,27.70000076293945,82.47059631347656,0.011899999342858791,16.602349853515648,-3.783432483673096,-2.106801748275757
2019-03-29,20.399999618530273,70.23522186279297,0.010099999606609344,16.537652587890648,-1.8763329982757568,-3.125693321228028
2019-03-30,22.113012313842773,75.41541290283203,0.011409999802708626,17.328088378906273,-3.388688802719116,-3.6134984493255615
2019-03-31,23.20000076293945,73.20231628417969,0.010939999483525751,17.121179199218773,-3.018193244934082,-3.1692798137664795
2019-04-01,21.600000381469727,75.70000457763672,0.01124999951571226,17.050500488281273,-3.565263509750366,-3.322870969772339
2019-04-02,19.80000114440918,80.27721405029297,0.011429999954998491,16.350030517578148,-3.4171581268310547,-3.4884495735168457
2019-04-03,15.100000381469727,58.9000015258789,0.008449999615550041,16.489526367187526,-2.641491651535034,-2.585156202316284
2019-04-04,25.60000038146973,87.76102447509766,0.012769999913871288,16.691644287109398,-3.714877843856812,-2.725018262863159
2019-04-05,26.30000114440918,90.6135025024414,0.013249999843537807,16.794976806640648,-4.587145805358887,-0.9427905082702636
2019-04-06,23.70000076293945,86.17620849609375,0.012379999272525309,16.551293945312526,-4.594025611877441,-2.2296385765075684
2019-04-07,18.30000114440918,86.0999984741211,0.012229999527335169,16.287835693359398,-3.562582969665528,-2.430129289627075
2019-04-08,21.100000381469727,83.62586212158203,0.012170000001788141,16.712304687500026,-3.330852031707764,-3.0072216987609863
2019-04-09,24.949207305908203,79.56768798828125,0.011479999870061873,16.580194091796898,-2.0266673564910893,-1.9412914514541624
2019-04-10,26.37803649902344,75.29076385498047,0.011349999345839024,17.251763916015648,-2.857917308807373,-2.2110815048217773
2019-04-11,22.8147029876709,92.00350189208984,0.013115378096699716,16.352838134765648,-3.212348461151123,-2.412912607192993
2019-04-12,27.0449161529541,88.70000457763672,0.01294816005975008,16.731042480468773,-3.82183575630188,-1.023979425430298
2019-04-13,20.797779083251953,86.0999984741211,0.011899999342858791,15.868615722656275,-3.319589853286743,-2.128603458404541
2019-04-14,20.100000381469727,79.70000457763672,0.010979999788105488,15.850000000000026,-2.556804180145264,-2.082643985748291
2019-04-15,21.5,87.5,0.012729999609291552,16.687249755859398,-2.986201047897339,-1.840147614479065
2019-04-16,26.83587646484375,90.9000015258789,0.012319999746978285,15.60662231445315,-3.14013671875,-1.320165991783142
2019-04-17,19.399999618530273,72.0999984741211,0.010069999843835829,16.069879150390648,-3.1333813667297363,-1.9945019483566284
2019-04-18,15.538284301757812,71.4000015258789,0.009669999592006208,15.6121765136719,-2.6130151748657227,-1.5270898342132568
2019-04-19,19.148889541625977,79.30000305175781,0.01152000017464161,16.700463867187526,-1.708629131317139,-1.3039623498916626
2019-04-20,21.64680290222168,88.42571258544922,0.013147285208106041,17.022546386718773,-2.7065820693969727,-1.125329613685608
2019-04-21,31.899999618530273,90.0999984741211,0.012839999981224535,16.367669677734398,-0.8721069097518921,-2.542000770568848
2019-04-22,31.60000038146973,90.31688690185548,0.013159999623894691,16.720635986328148,-2.0841209888458248,-0.7266967892646791
2019-04-23,33.790191650390625,85.42675018310547,0.012670000083744526,16.991937255859398,-0.8760351538658142,-1.694277286529541
2019-04-24,30.899999618530273,82.64199829101562,0.012100696563720705,16.871179199218773,3.01809310913086,0.3912158012390137
2019-04-25,28.20000076293945,88.14788055419922,0.012779999524354936,16.663385009765648,-1.223474144935608,-2.331988573074341
2019-04-26,30.899999618530273,90.89998626708984,0.013220000080764294,16.692895507812526,-0.8461474180221558,-1.7325805425643919
2019-04-27,33.60158920288086,87.70000457763672,0.01298999972641468,17.010827636718773,-0.1320825219154358,-1.0335204601287842
2019-04-28,24.408679962158203,89.60005950927734,0.011939999647438526,15.369104003906275,-0.6240381002426147,-1.2060229778289795
2019-04-29,28.85051918029785,89.49526977539062,0.01248000003397465,16.096612548828148,-2.567790508270264,-2.171079158782959
2019-04-30,27.5,91.5999984741211,0.01268999930471182,15.927026367187526,-3.040690898895264,-1.9418700933456419
2019-05-01,23.399999618530273,88.67413330078125,0.01160817313939333,15.089501953125026,-2.1257762908935547,-1.8425048589706419
2019-05-02,18.100000381469727,72.70000457763672,0.009359999559819698,14.914697265625026,-1.84344482421875,-2.1887450218200684
2019-05-03,33.10000228881836,89.97539520263672,0.013159999623894691,16.806176757812526,-1.1480077505111694,-1.1047558784484863
2019-05-04,30.70000076293945,94.7313003540039,0.013283856213092804,16.125054931640648,-2.3390233516693115,-0.6426147222518921
2019-05-05,29.30000114440918,93.5,0.013089999556541445,16.106347656250026,-2.48879623413086,-0.5138818025588989
2019-05-06,32.200000762939446,94.9000015258789,0.013079999946057795,15.885339355468775,-2.5940110683441158,-0.3821032643318176
2019-05-07,22.200000762939453,90.9000015258789,0.01250999979674816,15.850000000000026,-2.86808705329895,-0.4159155189990997
2019-05-08,28.5,94.0,0.013059999793767927,15.98662719726565,-2.468998908996582,-0.27040526270866394
2019-05-09,32.700000762939446,91.70000457763672,0.012656981125473976,15.8817077636719,-1.7063500881195068,-0.033869627863168716
2019-05-10,29.70000076293945,95.1142578125,0.013009999878704548,15.7499938964844,-1.5267821550369265,-0.6479394435882568
2019-05-11,30.399999618530273,93.47028350830078,0.012569999322295187,15.4931579589844,-3.617709875106812,-0.08333984017372131
2019-05-12,29.399999618530273,94.60492706298828,0.012709999457001686,15.550012207031275,-2.3269822597503658,-0.22808837890625
2019-05-13,29.20000076293945,95.0154037475586,0.012799999676644802,15.5087829589844,-2.546340227127075,-0.32216307520866394
2019-05-14,24.899999618530273,94.372314453125,0.0127399992197752,15.5781188964844,-3.043790102005005,-1.1831225156784058
2019-05-15,26.70000076293945,94.5411148071289,0.012860000133514404,15.65520629882815,-3.2563719749450684,-0.9174658060073853
2019-05-16,24.5,94.42452239990234,0.012779999524354936,15.57439575195315,-3.161198616027832,-0.5888818502426147
2019-05-17,23.20000076293945,94.3000030517578,0.012969999574124813,15.839624023437526,-2.493481397628784,-0.4563940465450287
2019-05-18,26.797779083251953,94.8000030517578,0.012559999711811544,15.2739196777344,-3.123173713684082,-0.3848461806774139
2019-05-19,28.0,92.8000030517578,0.01221999991685152,15.1500183105469,-1.8591551780700684,0.0022167968563735485
2019-05-20,28.56190299987793,90.62057495117188,0.011349999345839024,14.4249206542969,-0.04781249910593033,-0.4523779153823853
2019-05-21,28.648889541625977,94.08795928955078,0.012469999492168428,15.2842956542969,-1.4228075742721558,-0.22379393875598907
2019-05-22,25.161901473999023,93.54804229736328,0.01233999989926815,15.137902832031275,-2.631284236907959,-0.5899755954742432
2019-05-23,23.899999618530273,94.5,0.012452379800379276,15.1522155761719,-2.0191113948822017,-0.04390624910593033
2019-05-24,30.30000114440918,88.0,0.011861264705657959,15.575036621093775,0.4152660965919495,0.022451171651482586
2019-05-25,29.70000076293945,94.5999984741211,0.012539999559521677,15.2499938964844,-2.6946678161621094,-0.5876733064651489
2019-05-26,29.399999618530273,94.4000015258789,0.01208999939262867,14.6621032714844,-1.845292925834656,-0.7145800590515137
2019-05-27,29.60000038146973,94.20000457763672,0.011869999580085278,14.507470703125026,-1.2260448932647705,-0.4146813750267029
2019-05-28,29.20000076293945,94.0,0.012199999764561651,14.953393554687526,-2.5446996688842773,-0.3186303675174713
2019-05-29,28.80000114440918,91.90472412109376,0.011090000160038471,13.844750976562526,-1.6288647651672363,-1.0539770126342771
2019-05-30,26.30000114440918,89.81092071533203,0.01078999973833561,13.776025390625026,-1.013237237930298,-0.8159313797950745
2019-05-31,27.20000076293945,88.27015686035156,0.011339999735355377,14.7383972167969,-0.458422839641571,-0.6301122903823853
2019-06-01,28.20000076293945,89.45287322998047,0.01257999986410141,16.086389160156273,-0.9409435987472534,-0.10455322265625
2019-06-02,30.60000038146973,91.0,0.012389999814331532,15.6500183105469,-0.5737353563308716,-0.435310035943985
2019-06-03,32.06467056274414,94.01075744628906,0.012698998674750328,15.5646911621094,-1.84344482421875,-0.8614135384559631
2019-06-04,34.0,91.60692596435548,0.011783807538449764,14.793786621093775,-2.2742090225219727,-0.7894311547279358
2019-06-05,32.10000228881836,89.17961120605469,0.01196999941021204,15.45000610351565,-1.2971410751342771,-0.4275268316268921
2019-06-06,30.20000076293945,87.80241394042969,0.011359999887645245,14.949975585937526,-0.8800170421600342,-0.02582275308668613
2019-06-07,27.6059513092041,86.5999984741211,0.01160999946296215,15.45000610351565,-0.42619138956069946,0.3348461985588074
2019-06-08,29.776763916015625,90.56841278076172,0.01205000001937151,15.350000000000026,-1.6980297565460205,0.4019995033740997
2019-06-09,28.54208755493164,87.07764434814453,0.01196999941021204,15.9280944824219,-0.3844091594219208,0.12523680925369265
2019-06-10,27.20000076293945,89.5999984741211,0.011669999919831751,15.050012207031275,0.6577563285827637,0.10250243544578552
2019-06-11,27.38908386230469,85.80585479736328,0.010801287367939949,14.5085388183594,-1.307914972305298,0.24656493961811066
2019-06-12,28.10000038146973,82.30000305175781,0.01001999992877245,14.050012207031275,-1.2204760313034058,-0.554492175579071
2019-06-13,28.899999618530273,84.30000305175781,0.01109999977052212,15.2961364746094,-1.1279418468475342,0.6819042563438416
2019-06-14,27.0,87.30000305175781,0.011659999378025532,15.530664062500026,-0.684338390827179,1.2006493806838991
2019-06-15,25.30000114440918,85.0,0.011039999313652515,15.04009399414065,-0.2571191489696503,0.8356835842132568
2019-06-16,27.70000076293945,86.4000015258789,0.011134541593492031,14.8499694824219,0.2967333793640137,0.24732910096645355
2019-06-17,25.60000038146973,78.4000015258789,0.009283273480832577,13.715478515625026,-2.14199447631836,-0.2301196306943893
2019-06-18,25.10000038146973,88.5999984741211,0.010319999419152737,13.350000000000026,-1.616942048072815,-0.9201269149780272
2019-06-19,27.20000076293945,89.80000305175781,0.011739999987185,15.1500183105469,-1.0046776533126829,-0.6100854277610779
2019-06-20,23.60000038146973,82.4000015258789,0.010689999908208849,15.121911621093775,-0.409858375787735,-0.3474719226360321
2019-06-21,22.899999618530273,86.80000305175781,0.010900000110268593,14.5693298339844,0.5025122165679932,0.3879077136516571
2019-06-22,24.70000076293945,92.4000015258789,0.010689999908208849,13.215051269531275,0.16144530475139618,0.18394042551517487
2019-06-23,26.60000038146973,87.20000457763672,0.0112100001424551,14.86797485351565,0.7081738114356995,-0.7090991139411926
2019-06-24,28.399999618530273,87.0,0.011439999565482141,15.220300292968775,-0.3718090653419495,-1.2454687356948853
2019-06-25,29.70000076293945,88.20000457763672,0.011769999749958515,15.4440856933594,-0.9248461723327636,-0.7511010766029358
2019-06-26,28.20000076293945,92.0999984741211,0.01196999941021204,15.08648071289065,-1.3064184188842771,-0.3317040801048279
2019-06-27,24.80000114440918,84.5999984741211,0.010919999331235886,14.98955688476565,-0.3428759574890137,0.5123071074485779
2019-06-28,24.5,90.4000015258789,0.010780000127851965,13.693811035156275,-0.04196533188223839,0.187387689948082
2019-06-29,23.60000038146973,87.4000015258789,0.010869999416172504,14.34026489257815,-0.09029541164636612,-0.08581298589706421
2019-06-30,21.200000762939453,82.4000015258789,0.009968788363039494,14.00322875976565,0.10033447295427322,0.3755175769329071
2019-07-01,25.70000076293945,88.30000305175781,0.01184999942779541,15.550012207031275,-1.4219726324081419,1.53634512424469
2019-07-02,24.30000114440918,85.20000457763672,0.011090000160038471,15.06255493164065,-2.0278661251068115,-0.10187987983226776
2019-07-03,25.30000114440918,85.70000457763672,0.010319999419152737,13.8832946777344,-1.2415649890899658,-0.2870025634765625
2019-07-04,26.399999618530273,76.5,0.009809999726712705,14.8316589355469,-1.8536913394927976,-0.7366064190864563
2019-07-05,23.10000038146973,78.0,0.009859999641776085,14.6679626464844,-1.5438330173492432,-1.2880346775054932
2019-07-06,23.5,89.5999984741211,0.01152000017464161,14.844812011718775,-1.407829523086548,-0.2364892512559891
2019-07-07,23.899999618530273,88.4000015258789,0.011589999310672285,15.1470886230469,-2.1694798469543457,0.2451342791318893
2019-07-08,21.100000381469727,90.5,0.011389999650418758,14.54534301757815,-1.6217724084854126,-0.41639891266822815
2019-07-09,18.899999618530273,88.4000015258789,0.01148999948054552,15.0307556152344,-2.2459423542022705,-0.6750121712684631
2019-07-10,22.30000114440918,86.5,0.01164000015705824,15.567468261718775,-0.9165331721305848,0.2188085913658142
2019-07-11,23.20000076293945,83.5,0.010819999501109123,14.993127441406275,-1.8926268815994265,-0.3102807402610779
2019-07-12,22.0,90.8000030517578,0.010950000025331974,13.850000000000026,-1.3610961437225342,-1.109113693237305
2019-07-13,23.5,82.4000015258789,0.010209999978542328,14.37810668945315,-2.355107307434082,-1.9041478633880613
2019-07-14,24.0,85.0,0.010129999369382858,13.7499938964844,-1.1666845083236694,-0.18559326231479645
2019-07-15,20.600000381469727,86.5999984741211,0.010830000042915344,14.3865905761719,-3.910180568695069,0.04292968660593033
2019-07-16,23.5,87.5999984741211,0.010769999586045742,14.1500183105469,-1.6161816120147705,0.3651745617389679
2019-07-17,22.899999618530273,81.80000305175781,0.00981999933719635,13.86211547851565,-2.05251693725586,0.4483544826507568
2019-07-18,21.200000762939453,86.5999984741211,0.010099999606609344,13.350000000000026,-2.524604320526123,0.7570898532867432
2019-07-19,17.899999618530273,88.0999984741211,0.010350000113248823,13.45000610351565,-2.0414965152740483,-0.6010522246360779
2019-07-20,20.399999618530273,91.0,0.010169999673962591,12.7499938964844,-0.6879003643989563,0.4856957793235779
2019-07-21,25.60000038146973,85.0999984741211,0.010782039724290373,14.6500183105469,0.5672582983970642,0.0007348632789216937
2019-07-22,22.80000114440918,88.30000305175781,0.011509999632835388,15.054772949218775,-1.372033715248108,-0.5982690453529358
2019-07-23,16.100000381469727,76.4000015258789,0.008990000002086163,13.550012207031275,-0.4309789836406708,-0.3433032035827637
2019-07-24,23.899999618530273,76.5,0.010219999589025974,15.453088378906275,-1.1682958602905271,-0.5840722322463989
2019-07-25,22.200000762939453,71.30000305175781,0.008440000005066395,13.6168151855469,-0.7157860994338989,-1.179252862930298
2019-07-26,24.399999618530273,71.9000015258789,0.008630000054836273,13.8145690917969,-1.1842334270477295,-1.1316430568695068
2019-07-27,23.0,72.0,0.008259999565780163,13.1374450683594,-1.2521264553070068,-1.4550683498382568
2019-07-28,20.30000114440918,68.59999847412111,0.008169999346137047,13.7499938964844,-0.7710351347923279,0.9669042825698853
2019-07-29,22.5,71.4000015258789,0.009429999627172949,15.271936035156275,-0.9701220393180848,-1.100915551185608
2019-07-30,25.80000114440918,86.0999984741211,0.011009999550879002,14.7499938964844,0.12229003757238388,0.2508349418640137
2019-07-31,31.20000076293945,90.8000030517578,0.011919999495148659,15.1500183105469,-1.4778503179550169,-0.30989381670951843
2019-08-01,28.399999618530273,90.5999984741211,0.011769999749958515,15.04998168945315,-1.851845622062683,-0.5523900985717773
2019-08-02,21.200000762939453,87.5999984741211,0.01052999962121248,13.781457519531275,-2.156628370285034,-1.8323705196380613
2019-08-03,18.100000381469727,80.70000457763672,0.010660000145435332,15.343225097656275,-3.791413545608521,-0.03166503831744194
2019-08-04,14.90000057220459,79.70000457763672,0.009259999729692936,13.350000000000026,-1.6513769626617432,-1.5221019983291626
2019-08-05,17.899999618530273,83.9000015258789,0.009999999776482582,13.7499938964844,-1.5781371593475342,-1.6190600395202637
2019-08-06,18.30000114440918,75.80000305175781,0.009399999864399431,14.3559509277344,-1.5102636814117432,-1.7200512886047363
2019-08-07,23.30000114440918,82.4000015258789,0.010979999788105488,15.4058776855469,-3.0964159965515137,-1.3254173994064329
2019-08-08,23.10000038146973,92.4000015258789,0.012050697579979895,15.079919433593775,-2.4408843517303467,-0.2671661376953125
2019-08-09,22.0,84.9000015258789,0.01013999991118908,13.7640319824219,-0.4834277331829071,-0.7519115805625916
2019-08-10,20.700000762939453,68.09999847412111,0.008030000142753124,13.61492309570315,-2.1082689762115483,-0.8386620879173279
2019-08-11,22.100000381469727,81.80000305175781,0.010259999893605707,14.501977539062526,-1.8111572265625,0.4846655130386353
2019-08-12,21.0,78.5,0.009440000168979168,13.95000610351565,-1.5317357778549194,0.3910790979862213
2019-08-13,21.600000381469727,83.0999984741211,0.009349999949336052,12.850000000000026,-1.739545822143555,-0.8567529320716858
2019-08-14,23.60000038146973,82.30000305175781,0.0099499998614192,13.95000610351565,-2.340275764465332,-0.3359594643115997
2019-08-15,21.399999618530273,69.30000305175781,0.007849999703466892,12.909020996093775,-1.3566771745681765,0.20836180448532104
2019-08-16,22.60000038146973,66.0,0.007999999448657036,13.950830078125026,-2.0808470249176025,0.2758740186691284
2019-08-17,20.200000762939453,83.0999984741211,0.009589999914169313,13.18096313476565,-0.8016723394393921,0.2820849418640137
2019-08-18,24.10000038146973,82.20000457763672,0.00977999996393919,13.6744323730469,-1.5788623094558716,-0.4740502834320069
2019-08-19,24.399999618530273,85.5,0.010809999890625477,14.56182250976565,-1.8234593868255613,-0.33653074502944946
2019-08-20,22.100000381469727,71.5999984741211,0.009029999375343323,14.5920349121094,-0.9808227419853209,0.3042162954807281
2019-08-21,23.5,84.5,0.010297571308910848,14.04998168945315,-1.7179687023162842,0.020139159634709358
2019-08-22,22.60000038146973,89.80000305175781,0.011169999837875366,14.3976989746094,-1.2203954458236694,0.5967211723327637
2019-08-23,22.30000114440918,81.30000305175781,0.01001999992877245,14.282739257812526,-0.8665234446525574,0.6599901914596558
2019-08-24,20.899999618530273,82.5,0.010339999571442604,14.516381835937526,-1.4748656749725342,-0.7878832817077637
2019-08-25,23.5,80.20000457763672,0.00940999947488308,13.5574890136719,-2.9320507049560547,1.973149418830872
2019-08-26,21.899999618530273,82.30000305175781,0.01095999963581562,15.3499694824219,-2.2333104610443115,0.4326806664466858
2019-08-27,21.30000114440918,81.9000015258789,0.010239999741315842,14.45000610351565,-2.1568553447723393,-0.8196044564247131
2019-08-28,25.60000038146973,85.9000015258789,0.011059999465942385,14.9125915527344,-1.3528894186019895,-1.0205761194229126
2019-08-29,28.80000114440918,82.0,0.011109999381005764,15.6683288574219,-1.3085497617721558,-0.01820800825953484
2019-08-30,26.399999618530273,84.70000457763672,0.011769999749958515,16.051293945312526,-1.3994115591049194,0.9466015696525574
2019-08-31,26.899999618530273,87.30000305175781,0.011819999665021895,15.6827331542969,-2.0904369354248047,0.2625878751277924
2019-09-01,27.60000038146973,85.70000457763672,0.01172999944537878,15.8461853027344,-1.0547875165939329,-0.9310644268989564
2019-09-02,27.10000038146973,86.0999984741211,0.012190000154078008,16.346185302734398,-1.2855809926986694,-0.2701757848262787
2019-09-03,20.399999618530273,85.0999984741211,0.011509999632835388,15.6693054199219,-1.6894286870956419,1.5226538181304932
2019-09-04,21.5,82.9000015258789,0.010939999483525751,15.215478515625026,-1.76943838596344,-0.08216308057308197
2019-09-05,21.899999618530273,83.9000015258789,0.01030999980866909,14.149987792968775,-1.7926757335662842,-0.6557372808456421
2019-09-06,24.0,85.80000305175781,0.010389999486505984,13.95000610351565,-1.2561962604522705,0.28886228799819946
2019-09-07,27.80000114440918,87.70000457763672,0.01157000008970499,15.2499938964844,-1.1337255239486694,-1.01727294921875
2019-09-08,24.70000076293945,81.9000015258789,0.010009999386966228,14.1500183105469,-1.4814013242721558,0.08092772960662843
2019-09-09,24.899999618530273,88.5999984741211,0.010950000025331974,14.26470336914065,-1.8869286775588991,0.9917284846305848
2019-09-10,20.100000381469727,87.30000305175781,0.010908010415732859,14.402795410156275,-2.789113759994507,-1.012414574623108
2019-09-11,21.80000114440918,88.4000015258789,0.01164000015705824,15.1500183105469,-2.8810863494873047,-0.2980444133281708
2019-09-12,20.0,88.5,0.011309999972581863,14.7513366699219,-2.424572706222534,-1.6350756883621216
2019-09-13,20.200000762939453,82.70000457763672,0.010420000180602074,14.5817810058594,-1.9063304662704468,-2.0268723964691158
2019-09-14,19.600000381469727,89.5,0.0116799995303154,15.03069458007815,-2.483278751373291,-0.8262304663658142
2019-09-15,18.30000114440918,81.70000457763672,0.011469999328255652,16.150018310546898,-3.377568244934082,-1.5335888862609863
2019-09-16,18.0,83.5999984741211,0.011309999972581863,15.6500183105469,-2.755400419235229,-1.5687060356140137
2019-09-17,18.399999618530273,79.80000305175781,0.011009999550879002,15.8682800292969,-2.6200146675109863,0.18650878965854645
2019-09-18,16.30000114440918,80.30000305175781,0.010780000127851965,15.5419860839844,-2.1048364639282227,0.1367773413658142
2019-09-19,19.700000762939453,76.4000015258789,0.009809999726712705,14.850000000000026,-3.40105938911438,-1.266288995742798
2019-09-20,15.90000057220459,73.5,0.008619999513030052,13.454064941406275,-2.038637638092041,-1.1655786037445068
2019-09-21,19.899999618530273,81.5999984741211,0.010280000045895576,14.538354492187526,-2.1844556331634517,-0.7920800447463989
2019-09-22,23.20000076293945,82.9000015258789,0.010470000095665457,14.6038757324219,-1.907788038253784,-0.5404736399650574
2019-09-23,24.60000038146973,78.20000457763672,0.010160000063478948,15.038537597656275,-1.3813525438308716,-1.0481591224670408
2019-09-24,23.399999618530273,84.30000305175781,0.011419999413192272,15.6622253417969,-1.9292845726013184,-0.8019042611122131
2019-09-25,26.399999618530273,86.0,0.011289999820291996,15.1500183105469,-1.482766032218933,-0.4614379703998566
2019-09-26,28.10000038146973,83.5,0.011989999562501907,16.530999755859398,-2.1064109802246094,0.23537108302116394
2019-09-27,26.0,85.70000457763672,0.011179999448359013,15.075097656250026,-2.1440575122833248,-0.16249510645866394
2019-09-28,23.899999618530273,87.5999984741211,0.01126000005751848,14.82940063476565,-2.1887254714965816,-0.4035376012325287
2019-09-29,23.0,66.30000305175781,0.008809999562799929,15.360192871093775,-2.3503758907318115,-1.7088842391967771
2019-09-30,23.60000038146973,87.9000015258789,0.011899999342858791,15.6044860839844,-1.9469140768051147,-1.4207519292831419
2019-10-01,23.5,80.5999984741211,0.011289999820291996,16.130731201171898,-1.4567065238952637,-2.7310571670532227
2019-10-02,26.10000038146973,72.0999984741211,0.009519999846816065,15.275903320312526,-1.0311328172683716,-0.2261767536401749
2019-10-03,23.5,87.5,0.01209015306085348,15.916955566406275,-3.869497060775757,-0.02886718697845936
2019-10-04,24.0,85.4000015258789,0.011159999296069143,15.075646972656275,-3.336921215057373,-0.3848632872104645
2019-10-05,27.5,88.30000305175781,0.01169000007212162,15.278344726562526,-3.0349512100219727,-0.02594238147139549
2019-10-06,29.30000114440918,85.30000305175781,0.01148999948054552,15.583459472656275,-1.529767990112305,0.3947533965110779
2019-10-07,24.60000038146973,90.0,0.011829999275505544,15.1523376464844,-2.956916332244873,0.4803222417831421
2019-10-08,22.80000114440918,83.5999984741211,0.01078999973833561,14.86272583007815,-2.221923828125,-1.096868872642517
2019-10-09,25.0,82.20000457763672,0.011659999378025532,16.346398925781273,-3.1572082042694087,-1.036932349205017
2019-10-10,28.0,84.9000015258789,0.011799999512732029,16.039971923828148,-3.0804810523986816,-0.7875183224678041
2019-10-11,32.0,92.0999984741211,0.012649999931454659,15.822167968750026,-5.032934665679932,0.5198608040809631
2019-10-12,29.20000076293945,86.0999984741211,0.01160999946296215,15.538232421875026,-3.403884172439575,0.73272705078125
2019-10-13,28.0,86.80000305175781,0.011789999902248384,15.657495117187526,-2.4742016792297363,-0.1592675745487213
2019-10-14,27.10000038146973,85.9000015258789,0.011620000004768372,15.599450683593775,-2.0951976776123047,-0.5120068192481995
2019-10-15,26.20000076293945,90.5,0.01205000001937151,15.36895141601565,-2.478034496307373,-0.510974109172821
2019-10-16,26.30000114440918,78.9000015258789,0.010769999586045742,15.7549987792969,-2.9186890125274663,-2.014843702316284
2019-10-17,29.20000076293945,83.5,0.011749999597668648,16.220361328125026,-1.5135412216186523,-1.702065348625183
2019-10-18,30.30000114440918,84.0,0.011989999562501907,16.467645263671898,-2.1053857803344727,0.96589595079422
2019-10-19,30.80000114440918,87.70000457763672,0.012129999697208405,15.963281250000026,-1.485090255737305,-0.6476024985313416
2019-10-20,28.70000076293945,90.3000030517578,0.012279999442398548,15.694055175781275,-1.7242846488952637,0.3571826219558716
2019-10-21,26.20000076293945,89.9000015258789,0.01208999939262867,15.526208496093775,-2.322504758834839,-0.9623144268989564
2019-10-22,23.75745964050293,84.4000015258789,0.011459999717772007,15.645959472656275,-2.523154258728028,-1.1895726919174194
2019-10-23,26.5,81.5,0.011789999902248384,16.617700195312526,-2.6958787441253658,-1.0401513576507568
2019-10-24,28.399999618530273,85.4000015258789,0.01197999995201826,16.167321777343773,-2.1192455291748047,-1.7088963985443115
2019-10-25,27.60000038146973,87.30000305175781,0.011939999647438526,15.780541992187526,-2.326157093048096,-1.1873877048492432
2019-10-26,30.899999618530273,89.70000457763672,0.012763532809913158,16.369317626953148,-3.9159398078918457,-0.9295751452445984
2019-10-27,28.5,92.20000457763672,0.012014872394502165,15.0191589355469,-1.74822998046875,-1.2457226514816284
2019-10-28,24.10000038146973,90.5999984741211,0.012319999746978285,15.652673339843775,-1.980019450187683,-1.67532217502594
2019-10-29,28.60000038146973,87.0999984741211,0.012129999697208405,16.021081542968773,-1.4299463033676147,-1.0336083173751829
2019-10-30,24.91879463195801,88.9000015258789,0.011955638416111471,15.4924255371094,-1.9553369283676147,-1.911176681518555
2019-10-31,27.80000114440918,80.80000305175781,0.011288048699498177,16.110375976562526,-2.449736356735229,-1.4615648984909058
2019-11-01,21.5,87.70000457763672,0.011389999650418758,15.003686523437526,-1.2696484327316284,-1.6230664253234863
2019-11-02,21.5,87.5999984741211,0.01184999942779541,15.594750976562526,-1.8179247379302976,-0.9177832007408142
2019-11-03,21.80000114440918,80.20000457763672,0.01036999933421612,14.917687988281275,-2.3545312881469727,-1.4955151081085205
2019-11-04,23.10000038146973,87.20000457763672,0.01157000008970499,15.324426269531275,-2.709909677505493,-1.7614012956619265
2019-11-05,16.600000381469727,88.0,0.011549999937415123,15.18242797851565,-2.120349168777466,-1.4876861572265625
2019-11-06,24.399999618530273,88.70000457763672,0.01193000003695488,15.521264648437526,-1.994274973869324,-1.4102051258087158
2019-11-07,26.10000038146973,87.20000457763672,0.012310000136494637,16.247583007812526,-3.282099485397339,-1.2983056306838991
2019-11-08,24.80000114440918,92.5,0.012389999814331532,15.455834960937526,-2.2300732135772705,-1.3467186689376829
2019-11-09,25.20000076293945,88.80000305175781,0.011799999512732029,15.3189636230469,-2.808012723922729,-0.9258105158805848
2019-11-10,27.0,86.20000457763672,0.011851303279399872,15.875512695312526,-1.9354588985443115,-1.3757054805755615
2019-11-11,26.30409049987793,89.70000457763672,0.012842166237533092,16.446343994140648,-3.5876708030700684,-0.5243383646011353
2019-11-12,29.20000076293945,91.0999984741211,0.012864768505096436,16.213952636718773,-3.0050952434539795,-0.7942065000534058
2019-11-13,31.0,90.0,0.012759999372065069,16.271875000000026,-2.4786839485168457,-0.6768358945846558
2019-11-14,31.15566444396973,90.70000457763672,0.012629999779164793,16.006005859375026,-3.49670147895813,-1.9137645959854128
2019-11-15,29.5,87.9000015258789,0.012099226005375384,15.8413024902344,-1.7260302305221558,-1.2156859636306765
2019-11-16,25.5,88.9000015258789,0.01245999988168478,16.090081787109398,-3.02239990234375,-2.264433622360229
2019-11-17,26.5,84.0,0.012078702449798584,16.518426513671898,-4.475625514984131,-2.606860399246216
2019-11-18,28.70000076293945,84.80000305175781,0.012161526829004288,16.519647216796898,-3.212375402450561,-2.1284422874450684
2019-11-19,29.20000076293945,86.9000015258789,0.012079999782145023,16.011926269531273,-2.437307119369507,-1.8750878572463991
2019-11-20,32.299999237060554,87.30000305175781,0.01245999988168478,16.428125000000026,-2.540112257003784,-1.5501513481140137
2019-11-21,30.70000076293945,85.4000015258789,0.012120000086724758,16.337792968750026,-0.5778857469558716,-0.9561035037040709
2019-11-22,31.0,88.9000015258789,0.012369999662041664,16.019982910156273,-1.4535620212554932,-1.1986473798751829
2019-11-23,32.299999237060554,88.20000457763672,0.01261999923735857,16.462365722656273,-2.1918652057647705,-2.0341136455535893
2019-11-24,25.60000038146973,82.0999984741211,0.010520711541175842,14.7521911621094,0.06935546547174454,-1.2055810689926147
2019-11-25,32.700000762939446,82.5,0.011179999448359013,15.67546997070315,-0.04561523348093033,-0.05582763627171517
2019-11-26,31.30000114440918,85.80000305175781,0.011779999360442163,15.89385375976565,1.6984496116638184,-0.25712400674819946
2019-11-27,30.5,89.0,0.011860146187245846,15.38213500976565,-1.134077072143555,-0.5539697408676147
2019-11-28,28.20000076293945,91.5999984741211,0.01245055627077818,15.65996704101565,-2.6481029987335205,-1.6227294206619265
2019-11-29,29.30915641784668,91.20000457763672,0.012676013633608818,16.010980224609398,-1.8993945121765137,-1.7822631597518919
2019-11-30,31.404088973999023,91.8000030517578,0.013102004304528236,16.434930419921898,-2.2181322574615483,-1.5671435594558716
2019-12-01,33.299999237060554,91.5999984741211,0.012919999659061432,16.259515380859398,-2.929262638092041,-1.4715185165405271
2019-12-02,30.399999618530273,90.9000015258789,0.012300037778913976,15.5920349121094,-2.187753915786743,-1.066064476966858
2019-12-03,29.70000076293945,93.3000030517578,0.013276665471494198,16.378991699218773,-2.7628953456878658,-0.497565895318985
2019-12-04,33.799999237060554,89.30000305175781,0.012832698412239552,16.532678222656273,-1.9626122713088991,-1.3889575004577637
2019-12-05,28.70000076293945,86.4000015258789,0.011720018461346626,15.647485351562526,-1.6115355491638184,-1.0900415182113647
2019-12-06,30.16020584106445,86.5999984741211,0.011526329442858696,15.389489746093775,-1.2922558784484863,-1.4863183498382568
2019-12-07,32.900001525878906,89.20000457763672,0.012533947825431824,16.179345703125026,-1.9507495164871216,-1.8671337366104128
2019-12-08,32.299999237060554,90.3000030517578,0.012948406860232351,16.482598876953148,-1.5297313928604126,-1.0370092391967771
2019-12-09,33.5,90.20000457763672,0.012812186032533646,16.359674072265648,-1.0195019245147705,0.6466332674026489
2019-12-10,32.60000228881836,87.20000457763672,0.012170000001788141,16.119714355468773,-0.9114453196525574,-0.6212915182113647
2019-12-11,26.20000076293945,92.20000457763672,0.011926056817173958,14.9028259277344,-2.036792039871216,-1.9952490329742432
2019-12-12,24.70000076293945,91.5999984741211,0.011459999717772007,14.3673034667969,-1.1515796184539795,-1.2112694978713991
2019-12-13,27.60000038146973,83.9000015258789,0.011439999565482141,15.730371093750026,-1.3947802782058716,-1.5430151224136353
2019-12-14,25.30000114440918,90.8000030517578,0.011859999969601631,15.05388793945315,-1.6333935260772705,-1.7621068954467771
2019-12-15,26.399999618530273,87.9000015258789,0.011756531894206999,15.405847167968775,-3.0987255573272705,-2.2806079387664795
2019-12-16,27.20000076293945,91.8000030517578,0.011770306155085564,14.75811157226565,-2.1924486160278316,-1.9473192691802976
2019-12-17,24.30000114440918,90.4000015258789,0.01262030750513077,16.076318359375026,-1.61337149143219,-1.3692846298217771
2019-12-18,26.5,91.3000030517578,0.0122713390737772,15.487756347656275,-1.8818578720092771,-0.9592577815055848
2019-12-19,21.100000381469727,85.5999984741211,0.011291277594864368,15.2341247558594,-3.7058727741241455,-2.739008665084839
2019-12-20,17.200000762939453,85.30000305175781,0.010269999504089355,13.874902343750026,-1.255224585533142,-1.6030371189117432
2019-12-21,27.80000114440918,88.5999984741211,0.011942878365516664,15.5519958496094,-1.0350695848464966,-1.517617106437683
2019-12-22,31.899999618530273,89.4000015258789,0.012376955710351469,15.9857116699219,-1.7697728872299194,-1.243889093399048
2019-12-23,31.1693058013916,91.0999984741211,0.01264834776520729,16.016900634765648,-2.0323631763458248,-1.3251000642776491
2019-12-24,31.80402565002441,92.8000030517578,0.012550000101327896,15.602441406250026,-2.1950829029083248,-1.1723144054412842
2019-12-25,31.80000114440918,93.20000457763672,0.013189999386668205,16.292382812500026,-2.8908617496490483,-1.4417260885238647
2019-12-26,30.30000114440918,91.9000015258789,0.01281999982893467,16.063256835937526,-1.3401074409484863,-0.40338134765625
2019-12-27,29.300048828125,86.5,0.012550000101327896,16.696374511718773,-0.9536352157592772,-0.8812646269798279
2019-12-28,31.020416259765625,87.0999984741211,0.012772410176694391,16.854364013671898,-0.9300537109375,-1.5112645626068115
2019-12-29,28.899999618530273,88.9000015258789,0.012430004775524141,16.086236572265648,-0.8845751881599426,-0.6398974657058716
2019-12-30,21.600000381469727,89.30000305175781,0.012129999697208405,15.6707702636719,-2.423813343048096,-1.155927658081055
2019-12-31,16.5,85.0,0.010973891243338585,14.947778320312526,-1.4158129692077637,-2.0282640457153316
2020-01-01,15.90000057220459,84.5,0.010859999805688858,14.866235351562526,-1.5094481706619265,-2.2726831436157227
